Crop,Market,Variety_Used,Arrival_Date,Actual_Modal_Price,Predicted_Modal_Price,Selected_Model,Selected_Scope
Onion,Kolhapur,Local,2026-06-01,2651.0,2646.0,Naive_Previous_Price,naive
Onion,Kolhapur,Local,2026-06-02,2635.0,2651.0,Naive_Previous_Price,naive
Onion,Kolhapur,Local,2026-06-03,2623.0,2635.0,Naive_Previous_Price,naive
Onion,Kolhapur,Local,2026-06-04,2636.0,2623.0,Naive_Previous_Price,naive
Onion,Kolhapur,Local,2026-06-05,2622.0,2636.0,Naive_Previous_Price,naive
Onion,Kolhapur,Local,2026-06-06,2622.0,2622.0,Naive_Previous_Price,naive
Onion,Kolhapur,Local,2026-06-07,2625.0,2622.0,Naive_Previous_Price,naive
Onion,Kolhapur,Local,2026-06-08,2619.0,2625.0,Naive_Previous_Price,naive
Onion,Kolhapur,Local,2026-06-09,2577.0,2619.0,Naive_Previous_Price,naive
Onion,Kolhapur,Local,2026-06-10,2547.0,2577.0,Naive_Previous_Price,naive
Onion,Kolhapur,Local,2026-06-11,2510.0,2547.0,Naive_Previous_Price,naive
Onion,Kolhapur,Local,2026-06-12,2552.0,2510.0,Naive_Previous_Price,naive
Onion,Kolhapur,Local,2026-06-13,2541.0,2552.0,Naive_Previous_Price,naive
Onion,Kolhapur,Local,2026-06-14,2557.0,2541.0,Naive_Previous_Price,naive
Onion,Kolhapur,Local,2026-06-15,2518.0,2557.0,Naive_Previous_Price,naive
Onion,Kolhapur,Local,2026-06-16,2502.0,2518.0,Naive_Previous_Price,naive
Onion,Kolhapur,Local,2026-06-17,2512.0,2502.0,Naive_Previous_Price,naive
Onion,Kolhapur,Local,2026-06-18,2511.0,2512.0,Naive_Previous_Price,naive
Onion,Kolhapur,Local,2026-06-19,2541.0,2511.0,Naive_Previous_Price,naive
Onion,Kolhapur,Local,2026-06-20,2569.0,2541.0,Naive_Previous_Price,naive
Onion,Kolhapur,Local,2026-06-21,2526.0,2569.0,Naive_Previous_Price,naive
Onion,Kolhapur,Local,2026-06-22,2493.0,2526.0,Naive_Previous_Price,naive
Onion,Kolhapur,Local,2026-06-23,2522.0,2493.0,Naive_Previous_Price,naive
Onion,Kolhapur,Local,2026-06-24,2524.0,2522.0,Naive_Previous_Price,naive
Onion,Kolhapur,Local,2026-06-25,2492.0,2524.0,Naive_Previous_Price,naive
Onion,Kolhapur,Local,2026-06-26,2530.0,2492.0,Naive_Previous_Price,naive
Onion,Kolhapur,Local,2026-06-27,2551.0,2530.0,Naive_Previous_Price,naive
Onion,Kolhapur,Local,2026-06-28,2543.0,2551.0,Naive_Previous_Price,naive
Onion,Kolhapur,Local,2026-06-29,2595.0,2543.0,Naive_Previous_Price,naive
Onion,Kolhapur,Local,2026-06-30,2588.0,2595.0,Naive_Previous_Price,naive
Onion,Kolhapur,Local,2026-07-01,2584.0,2588.0,Naive_Previous_Price,naive
Onion,Kolhapur,Local,2026-07-02,2602.0,2584.0,Naive_Previous_Price,naive
Onion,Kolhapur,Local,2026-07-03,2600.0,2602.0,Naive_Previous_Price,naive
Onion,Kolhapur,Local,2026-07-04,2623.0,2600.0,Naive_Previous_Price,naive
Onion,Kolhapur,Local,2026-07-05,2631.0,2623.0,Naive_Previous_Price,naive
Onion,Kolhapur,Local,2026-07-06,2659.0,2631.0,Naive_Previous_Price,naive
Onion,Kolhapur,Local,2026-07-07,2633.0,2659.0,Naive_Previous_Price,naive
Onion,Kolhapur,Local,2026-07-08,2617.0,2633.0,Naive_Previous_Price,naive
Onion,Kolhapur,Local,2026-07-09,2665.0,2617.0,Naive_Previous_Price,naive
Onion,Kolhapur,Local,2026-07-10,2669.0,2665.0,Naive_Previous_Price,naive
Onion,Kolhapur,Local,2026-07-11,2678.0,2669.0,Naive_Previous_Price,naive
Onion,Nashik,Local,2026-06-01,2743.0,2765.0,Naive_Previous_Price,naive
Onion,Nashik,Local,2026-06-03,2803.0,2743.0,Naive_Previous_Price,naive
Onion,Nashik,Local,2026-06-04,2740.0,2803.0,Naive_Previous_Price,naive
Onion,Nashik,Local,2026-06-05,2732.0,2740.0,Naive_Previous_Price,naive
Onion,Nashik,Local,2026-06-06,2776.0,2732.0,Naive_Previous_Price,naive
Onion,Nashik,Local,2026-06-07,2815.0,2776.0,Naive_Previous_Price,naive
Onion,Nashik,Local,2026-06-08,2820.0,2815.0,Naive_Previous_Price,naive
Onion,Nashik,Local,2026-06-09,2801.0,2820.0,Naive_Previous_Price,naive
Onion,Nashik,Local,2026-06-10,2817.0,2801.0,Naive_Previous_Price,naive
Onion,Nashik,Local,2026-06-11,2797.0,2817.0,Naive_Previous_Price,naive
Onion,Nashik,Local,2026-06-12,2803.0,2797.0,Naive_Previous_Price,naive
Onion,Nashik,Local,2026-06-13,2824.0,2803.0,Naive_Previous_Price,naive
Onion,Nashik,Local,2026-06-14,2811.0,2824.0,Naive_Previous_Price,naive
Onion,Nashik,Local,2026-06-15,2806.0,2811.0,Naive_Previous_Price,naive
Onion,Nashik,Local,2026-06-16,2801.0,2806.0,Naive_Previous_Price,naive
Onion,Nashik,Local,2026-06-17,2782.0,2801.0,Naive_Previous_Price,naive
Onion,Nashik,Local,2026-06-18,2770.0,2782.0,Naive_Previous_Price,naive
Onion,Nashik,Local,2026-06-19,2763.0,2770.0,Naive_Previous_Price,naive
Onion,Nashik,Local,2026-06-20,2761.0,2763.0,Naive_Previous_Price,naive
Onion,Nashik,Local,2026-06-21,2773.0,2761.0,Naive_Previous_Price,naive
Onion,Nashik,Local,2026-06-22,2761.0,2773.0,Naive_Previous_Price,naive
Onion,Nashik,Local,2026-06-23,2752.0,2761.0,Naive_Previous_Price,naive
Onion,Nashik,Local,2026-06-24,2767.0,2752.0,Naive_Previous_Price,naive
Onion,Nashik,Local,2026-06-25,2753.0,2767.0,Naive_Previous_Price,naive
Onion,Nashik,Local,2026-06-26,2752.0,2753.0,Naive_Previous_Price,naive
Onion,Nashik,Local,2026-06-27,2731.0,2752.0,Naive_Previous_Price,naive
Onion,Nashik,Local,2026-06-28,2736.0,2731.0,Naive_Previous_Price,naive
Onion,Nashik,Local,2026-06-29,2803.0,2736.0,Naive_Previous_Price,naive
Onion,Nashik,Local,2026-06-30,2801.0,2803.0,Naive_Previous_Price,naive
Onion,Nashik,Local,2026-07-01,2780.0,2801.0,Naive_Previous_Price,naive
Onion,Nashik,Local,2026-07-02,2824.0,2780.0,Naive_Previous_Price,naive
Onion,Nashik,Local,2026-07-03,2816.0,2824.0,Naive_Previous_Price,naive
Onion,Nashik,Local,2026-07-04,2826.0,2816.0,Naive_Previous_Price,naive
Onion,Nashik,Local,2026-07-05,2777.0,2826.0,Naive_Previous_Price,naive
Onion,Nashik,Local,2026-07-06,2776.0,2777.0,Naive_Previous_Price,naive
Onion,Nashik,Local,2026-07-07,2741.0,2776.0,Naive_Previous_Price,naive
Onion,Nashik,Local,2026-07-08,2765.0,2741.0,Naive_Previous_Price,naive
Onion,Nashik,Local,2026-07-09,2756.0,2765.0,Naive_Previous_Price,naive
Onion,Nashik,Local,2026-07-10,2750.0,2756.0,Naive_Previous_Price,naive
Onion,Nashik,Local,2026-07-11,2742.0,2750.0,Naive_Previous_Price,naive
Onion,Pune,Local,2026-05-31,2493.0,2481.0,Naive_Previous_Price,naive
Onion,Pune,Local,2026-06-01,2522.0,2493.0,Naive_Previous_Price,naive
Onion,Pune,Local,2026-06-02,2516.0,2522.0,Naive_Previous_Price,naive
Onion,Pune,Local,2026-06-03,2528.0,2516.0,Naive_Previous_Price,naive
Onion,Pune,Local,2026-06-04,2507.0,2528.0,Naive_Previous_Price,naive
Onion,Pune,Local,2026-06-05,2559.0,2507.0,Naive_Previous_Price,naive
Onion,Pune,Local,2026-06-06,2610.0,2559.0,Naive_Previous_Price,naive
Onion,Pune,Local,2026-06-07,2610.0,2610.0,Naive_Previous_Price,naive
Onion,Pune,Local,2026-06-08,2554.0,2610.0,Naive_Previous_Price,naive
Onion,Pune,Local,2026-06-09,2593.0,2554.0,Naive_Previous_Price,naive
Onion,Pune,Local,2026-06-10,2582.0,2593.0,Naive_Previous_Price,naive
Onion,Pune,Local,2026-06-12,2557.0,2582.0,Naive_Previous_Price,naive
Onion,Pune,Local,2026-06-13,2568.0,2557.0,Naive_Previous_Price,naive
Onion,Pune,Local,2026-06-14,2579.0,2568.0,Naive_Previous_Price,naive
Onion,Pune,Local,2026-06-15,2580.0,2579.0,Naive_Previous_Price,naive
Onion,Pune,Local,2026-06-16,2598.0,2580.0,Naive_Previous_Price,naive
Onion,Pune,Local,2026-06-17,2565.0,2598.0,Naive_Previous_Price,naive
Onion,Pune,Local,2026-06-18,2557.0,2565.0,Naive_Previous_Price,naive
Onion,Pune,Local,2026-06-19,2557.0,2557.0,Naive_Previous_Price,naive
Onion,Pune,Local,2026-06-20,2526.0,2557.0,Naive_Previous_Price,naive
Onion,Pune,Local,2026-06-21,2541.0,2526.0,Naive_Previous_Price,naive
Onion,Pune,Local,2026-06-22,2530.0,2541.0,Naive_Previous_Price,naive
Onion,Pune,Local,2026-06-23,2529.0,2530.0,Naive_Previous_Price,naive
Onion,Pune,Local,2026-06-24,2547.0,2529.0,Naive_Previous_Price,naive
Onion,Pune,Local,2026-06-25,2543.0,2547.0,Naive_Previous_Price,naive
Onion,Pune,Local,2026-06-26,2578.0,2543.0,Naive_Previous_Price,naive
Onion,Pune,Local,2026-06-27,2563.0,2578.0,Naive_Previous_Price,naive
Onion,Pune,Local,2026-06-28,2546.0,2563.0,Naive_Previous_Price,naive
Onion,Pune,Local,2026-06-29,2566.0,2546.0,Naive_Previous_Price,naive
Onion,Pune,Local,2026-06-30,2566.0,2566.0,Naive_Previous_Price,naive
Onion,Pune,Local,2026-07-01,2542.0,2566.0,Naive_Previous_Price,naive
Onion,Pune,Local,2026-07-02,2532.0,2542.0,Naive_Previous_Price,naive
Onion,Pune,Local,2026-07-03,2549.0,2532.0,Naive_Previous_Price,naive
Onion,Pune,Local,2026-07-04,2590.0,2549.0,Naive_Previous_Price,naive
Onion,Pune,Local,2026-07-05,2592.0,2590.0,Naive_Previous_Price,naive
Onion,Pune,Local,2026-07-06,2588.0,2592.0,Naive_Previous_Price,naive
Onion,Pune,Local,2026-07-07,2611.0,2588.0,Naive_Previous_Price,naive
Onion,Pune,Local,2026-07-08,2579.0,2611.0,Naive_Previous_Price,naive
Onion,Pune,Local,2026-07-09,2588.0,2579.0,Naive_Previous_Price,naive
Onion,Pune,Local,2026-07-10,2523.0,2588.0,Naive_Previous_Price,naive
Onion,Pune,Local,2026-07-11,2528.0,2523.0,Naive_Previous_Price,naive
Onion,Sangli,Local,2026-06-01,2533.0,2520.0,Naive_Previous_Price,naive
Onion,Sangli,Local,2026-06-02,2530.0,2533.0,Naive_Previous_Price,naive
Onion,Sangli,Local,2026-06-03,2504.0,2530.0,Naive_Previous_Price,naive
Onion,Sangli,Local,2026-06-04,2487.0,2504.0,Naive_Previous_Price,naive
Onion,Sangli,Local,2026-06-05,2492.0,2487.0,Naive_Previous_Price,naive
Onion,Sangli,Local,2026-06-06,2507.0,2492.0,Naive_Previous_Price,naive
Onion,Sangli,Local,2026-06-07,2526.0,2507.0,Naive_Previous_Price,naive
Onion,Sangli,Local,2026-06-08,2488.0,2526.0,Naive_Previous_Price,naive
Onion,Sangli,Local,2026-06-09,2523.0,2488.0,Naive_Previous_Price,naive
Onion,Sangli,Local,2026-06-10,2537.0,2523.0,Naive_Previous_Price,naive
Onion,Sangli,Local,2026-06-11,2545.0,2537.0,Naive_Previous_Price,naive
Onion,Sangli,Local,2026-06-12,2505.0,2545.0,Naive_Previous_Price,naive
Onion,Sangli,Local,2026-06-13,2510.0,2505.0,Naive_Previous_Price,naive
Onion,Sangli,Local,2026-06-14,2494.0,2510.0,Naive_Previous_Price,naive
Onion,Sangli,Local,2026-06-15,2467.0,2494.0,Naive_Previous_Price,naive
Onion,Sangli,Local,2026-06-16,2466.0,2467.0,Naive_Previous_Price,naive
Onion,Sangli,Local,2026-06-17,2503.0,2466.0,Naive_Previous_Price,naive
Onion,Sangli,Local,2026-06-18,2477.0,2503.0,Naive_Previous_Price,naive
Onion,Sangli,Local,2026-06-19,2473.0,2477.0,Naive_Previous_Price,naive
Onion,Sangli,Local,2026-06-20,2438.0,2473.0,Naive_Previous_Price,naive
Onion,Sangli,Local,2026-06-21,2452.0,2438.0,Naive_Previous_Price,naive
Onion,Sangli,Local,2026-06-22,2437.0,2452.0,Naive_Previous_Price,naive
Onion,Sangli,Local,2026-06-23,2415.0,2437.0,Naive_Previous_Price,naive
Onion,Sangli,Local,2026-06-24,2422.0,2415.0,Naive_Previous_Price,naive
Onion,Sangli,Local,2026-06-25,2421.0,2422.0,Naive_Previous_Price,naive
Onion,Sangli,Local,2026-06-26,2406.0,2421.0,Naive_Previous_Price,naive
Onion,Sangli,Local,2026-06-27,2425.0,2406.0,Naive_Previous_Price,naive
Onion,Sangli,Local,2026-06-28,2384.0,2425.0,Naive_Previous_Price,naive
Onion,Sangli,Local,2026-06-29,2397.0,2384.0,Naive_Previous_Price,naive
Onion,Sangli,Local,2026-06-30,2357.0,2397.0,Naive_Previous_Price,naive
Onion,Sangli,Local,2026-07-01,2358.0,2357.0,Naive_Previous_Price,naive
Onion,Sangli,Local,2026-07-02,2356.0,2358.0,Naive_Previous_Price,naive
Onion,Sangli,Local,2026-07-03,2326.0,2356.0,Naive_Previous_Price,naive
Onion,Sangli,Local,2026-07-04,2351.0,2326.0,Naive_Previous_Price,naive
Onion,Sangli,Local,2026-07-05,2337.0,2351.0,Naive_Previous_Price,naive
Onion,Sangli,Local,2026-07-06,2275.0,2337.0,Naive_Previous_Price,naive
Onion,Sangli,Local,2026-07-07,2255.0,2275.0,Naive_Previous_Price,naive
Onion,Sangli,Local,2026-07-08,2264.0,2255.0,Naive_Previous_Price,naive
Onion,Sangli,Local,2026-07-09,2249.0,2264.0,Naive_Previous_Price,naive
Onion,Sangli,Local,2026-07-10,2278.0,2249.0,Naive_Previous_Price,naive
Onion,Sangli,Local,2026-07-11,2285.0,2278.0,Naive_Previous_Price,naive
Onion,Satara,Local,2026-06-02,2332.0,2321.0,Naive_Previous_Price,naive
Onion,Satara,Local,2026-06-03,2354.0,2332.0,Naive_Previous_Price,naive
Onion,Satara,Local,2026-06-04,2355.0,2354.0,Naive_Previous_Price,naive
Onion,Satara,Local,2026-06-05,2337.0,2355.0,Naive_Previous_Price,naive
Onion,Satara,Local,2026-06-06,2321.0,2337.0,Naive_Previous_Price,naive
Onion,Satara,Local,2026-06-07,2301.0,2321.0,Naive_Previous_Price,naive
Onion,Satara,Local,2026-06-08,2309.0,2301.0,Naive_Previous_Price,naive
Onion,Satara,Local,2026-06-09,2302.0,2309.0,Naive_Previous_Price,naive
Onion,Satara,Local,2026-06-10,2324.0,2302.0,Naive_Previous_Price,naive
Onion,Satara,Local,2026-06-11,2322.0,2324.0,Naive_Previous_Price,naive
Onion,Satara,Local,2026-06-12,2312.0,2322.0,Naive_Previous_Price,naive
Onion,Satara,Local,2026-06-13,2341.0,2312.0,Naive_Previous_Price,naive
Onion,Satara,Local,2026-06-14,2364.0,2341.0,Naive_Previous_Price,naive
Onion,Satara,Local,2026-06-15,2347.0,2364.0,Naive_Previous_Price,naive
Onion,Satara,Local,2026-06-16,2349.0,2347.0,Naive_Previous_Price,naive
Onion,Satara,Local,2026-06-17,2370.0,2349.0,Naive_Previous_Price,naive
Onion,Satara,Local,2026-06-18,2361.0,2370.0,Naive_Previous_Price,naive
Onion,Satara,Local,2026-06-19,2351.0,2361.0,Naive_Previous_Price,naive
Onion,Satara,Local,2026-06-20,2403.0,2351.0,Naive_Previous_Price,naive
Onion,Satara,Local,2026-06-21,2376.0,2403.0,Naive_Previous_Price,naive
Onion,Satara,Local,2026-06-22,2374.0,2376.0,Naive_Previous_Price,naive
Onion,Satara,Local,2026-06-23,2386.0,2374.0,Naive_Previous_Price,naive
Onion,Satara,Local,2026-06-24,2381.0,2386.0,Naive_Previous_Price,naive
Onion,Satara,Local,2026-06-25,2406.0,2381.0,Naive_Previous_Price,naive
Onion,Satara,Local,2026-06-26,2420.0,2406.0,Naive_Previous_Price,naive
Onion,Satara,Local,2026-06-27,2428.0,2420.0,Naive_Previous_Price,naive
Onion,Satara,Local,2026-06-28,2432.0,2428.0,Naive_Previous_Price,naive
Onion,Satara,Local,2026-06-29,2465.0,2432.0,Naive_Previous_Price,naive
Onion,Satara,Local,2026-06-30,2412.0,2465.0,Naive_Previous_Price,naive
Onion,Satara,Local,2026-07-01,2397.0,2412.0,Naive_Previous_Price,naive
Onion,Satara,Local,2026-07-02,2418.0,2397.0,Naive_Previous_Price,naive
Onion,Satara,Local,2026-07-03,2432.0,2418.0,Naive_Previous_Price,naive
Onion,Satara,Local,2026-07-04,2472.0,2432.0,Naive_Previous_Price,naive
Onion,Satara,Local,2026-07-05,2464.0,2472.0,Naive_Previous_Price,naive
Onion,Satara,Local,2026-07-06,2474.0,2464.0,Naive_Previous_Price,naive
Onion,Satara,Local,2026-07-07,2474.0,2474.0,Naive_Previous_Price,naive
Onion,Satara,Local,2026-07-08,2462.0,2474.0,Naive_Previous_Price,naive
Onion,Satara,Local,2026-07-09,2467.0,2462.0,Naive_Previous_Price,naive
Onion,Satara,Local,2026-07-10,2489.0,2467.0,Naive_Previous_Price,naive
Onion,Satara,Local,2026-07-11,2455.0,2489.0,Naive_Previous_Price,naive
Potato,Nashik,Local,2026-06-14,1010.0,1002.0,Naive_Previous_Price,naive
Potato,Nashik,Local,2026-06-15,1009.0,1010.0,Naive_Previous_Price,naive
Potato,Nashik,Local,2026-06-16,1004.0,1009.0,Naive_Previous_Price,naive
Potato,Nashik,Local,2026-06-17,978.0,1004.0,Naive_Previous_Price,naive
Potato,Nashik,Local,2026-06-18,985.0,978.0,Naive_Previous_Price,naive
Potato,Nashik,Local,2026-06-19,964.0,985.0,Naive_Previous_Price,naive
Potato,Nashik,Local,2026-06-20,930.0,964.0,Naive_Previous_Price,naive
Potato,Nashik,Local,2026-06-21,940.0,930.0,Naive_Previous_Price,naive
Potato,Nashik,Local,2026-06-22,956.0,940.0,Naive_Previous_Price,naive
Potato,Nashik,Local,2026-06-24,928.0,956.0,Naive_Previous_Price,naive
Potato,Nashik,Local,2026-06-25,897.0,928.0,Naive_Previous_Price,naive
Potato,Nashik,Local,2026-06-26,894.0,897.0,Naive_Previous_Price,naive
Potato,Nashik,Local,2026-06-27,898.0,894.0,Naive_Previous_Price,naive
Potato,Nashik,Local,2026-06-28,933.0,898.0,Naive_Previous_Price,naive
Potato,Nashik,Local,2026-06-29,978.0,933.0,Naive_Previous_Price,naive
Potato,Nashik,Local,2026-06-30,1034.0,978.0,Naive_Previous_Price,naive
Potato,Nashik,Local,2026-07-01,1035.0,1034.0,Naive_Previous_Price,naive
Potato,Nashik,Local,2026-07-02,1068.0,1035.0,Naive_Previous_Price,naive
Potato,Nashik,Local,2026-07-03,1051.0,1068.0,Naive_Previous_Price,naive
Potato,Nashik,Local,2026-07-04,1050.0,1051.0,Naive_Previous_Price,naive
Potato,Nashik,Local,2026-07-05,1071.0,1050.0,Naive_Previous_Price,naive
Potato,Nashik,Local,2026-07-06,1027.0,1071.0,Naive_Previous_Price,naive
Potato,Nashik,Local,2026-07-07,1034.0,1027.0,Naive_Previous_Price,naive
Potato,Nashik,Local,2026-07-08,1011.0,1034.0,Naive_Previous_Price,naive
Potato,Nashik,Local,2026-07-09,985.0,1011.0,Naive_Previous_Price,naive
Potato,Nashik,Local,2026-07-10,1007.0,985.0,Naive_Previous_Price,naive
Potato,Nashik,Local,2026-07-11,1020.0,1007.0,Naive_Previous_Price,naive
Potato,Pune,Local,2026-06-15,595.0,607.0,Naive_Previous_Price,naive
Potato,Pune,Local,2026-06-16,611.0,595.0,Naive_Previous_Price,naive
Potato,Pune,Local,2026-06-17,554.0,611.0,Naive_Previous_Price,naive
Potato,Pune,Local,2026-06-18,531.0,554.0,Naive_Previous_Price,naive
Potato,Pune,Local,2026-06-19,513.0,531.0,Naive_Previous_Price,naive
Potato,Pune,Local,2026-06-20,500.0,513.0,Naive_Previous_Price,naive
Potato,Pune,Local,2026-06-21,463.0,500.0,Naive_Previous_Price,naive
Potato,Pune,Local,2026-06-22,459.0,463.0,Naive_Previous_Price,naive
Potato,Pune,Local,2026-06-23,460.0,459.0,Naive_Previous_Price,naive
Potato,Pune,Local,2026-06-24,477.0,460.0,Naive_Previous_Price,naive
Potato,Pune,Local,2026-06-25,520.0,477.0,Naive_Previous_Price,naive
Potato,Pune,Local,2026-06-26,520.0,520.0,Naive_Previous_Price,naive
Potato,Pune,Local,2026-06-27,476.0,520.0,Naive_Previous_Price,naive
Potato,Pune,Local,2026-06-28,465.0,476.0,Naive_Previous_Price,naive
Potato,Pune,Local,2026-06-29,471.0,465.0,Naive_Previous_Price,naive
Potato,Pune,Local,2026-06-30,470.0,471.0,Naive_Previous_Price,naive
Potato,Pune,Local,2026-07-01,433.0,470.0,Naive_Previous_Price,naive
Potato,Pune,Local,2026-07-02,450.0,433.0,Naive_Previous_Price,naive
Potato,Pune,Local,2026-07-03,440.0,450.0,Naive_Previous_Price,naive
Potato,Pune,Local,2026-07-04,441.0,440.0,Naive_Previous_Price,naive
Potato,Pune,Local,2026-07-05,456.0,441.0,Naive_Previous_Price,naive
Potato,Pune,Local,2026-07-06,459.0,456.0,Naive_Previous_Price,naive
Potato,Pune,Local,2026-07-07,450.0,459.0,Naive_Previous_Price,naive
Potato,Pune,Local,2026-07-08,506.0,450.0,Naive_Previous_Price,naive
Potato,Pune,Local,2026-07-09,502.0,506.0,Naive_Previous_Price,naive
Potato,Pune,Local,2026-07-10,511.0,502.0,Naive_Previous_Price,naive
Potato,Pune,Local,2026-07-11,472.0,511.0,Naive_Previous_Price,naive
Potato,Satara,Local,2026-06-15,661.0,733.0,Naive_Previous_Price,naive
Potato,Satara,Local,2026-06-16,654.0,661.0,Naive_Previous_Price,naive
Potato,Satara,Local,2026-06-17,663.0,654.0,Naive_Previous_Price,naive
Potato,Satara,Local,2026-06-18,636.0,663.0,Naive_Previous_Price,naive
Potato,Satara,Local,2026-06-19,626.0,636.0,Naive_Previous_Price,naive
Potato,Satara,Local,2026-06-20,639.0,626.0,Naive_Previous_Price,naive
Potato,Satara,Local,2026-06-21,678.0,639.0,Naive_Previous_Price,naive
Potato,Satara,Local,2026-06-22,647.0,678.0,Naive_Previous_Price,naive
Potato,Satara,Local,2026-06-23,659.0,647.0,Naive_Previous_Price,naive
Potato,Satara,Local,2026-06-24,696.0,659.0,Naive_Previous_Price,naive
Potato,Satara,Local,2026-06-25,659.0,696.0,Naive_Previous_Price,naive
Potato,Satara,Local,2026-06-26,691.0,659.0,Naive_Previous_Price,naive
Potato,Satara,Local,2026-06-27,684.0,691.0,Naive_Previous_Price,naive
Potato,Satara,Local,2026-06-28,647.0,684.0,Naive_Previous_Price,naive
Potato,Satara,Local,2026-06-29,690.0,647.0,Naive_Previous_Price,naive
Potato,Satara,Local,2026-06-30,694.0,690.0,Naive_Previous_Price,naive
Potato,Satara,Local,2026-07-01,673.0,694.0,Naive_Previous_Price,naive
Potato,Satara,Local,2026-07-02,662.0,673.0,Naive_Previous_Price,naive
Potato,Satara,Local,2026-07-03,660.0,662.0,Naive_Previous_Price,naive
Potato,Satara,Local,2026-07-04,694.0,660.0,Naive_Previous_Price,naive
Potato,Satara,Local,2026-07-05,702.0,694.0,Naive_Previous_Price,naive
Potato,Satara,Local,2026-07-06,720.0,702.0,Naive_Previous_Price,naive
Potato,Satara,Local,2026-07-07,733.0,720.0,Naive_Previous_Price,naive
Potato,Satara,Local,2026-07-08,713.0,733.0,Naive_Previous_Price,naive
Potato,Satara,Local,2026-07-09,737.0,713.0,Naive_Previous_Price,naive
Potato,Satara,Local,2026-07-10,722.0,737.0,Naive_Previous_Price,naive
Potato,Satara,Local,2026-07-11,691.0,722.0,Naive_Previous_Price,naive
Soybean,Kolhapur,Yellow,2026-06-13,4269.0,4199.0,Naive_Previous_Price,naive
Soybean,Kolhapur,Yellow,2026-06-14,4280.0,4269.0,Naive_Previous_Price,naive
Soybean,Kolhapur,Yellow,2026-06-15,4211.0,4280.0,Naive_Previous_Price,naive
Soybean,Kolhapur,Yellow,2026-06-16,4250.0,4211.0,Naive_Previous_Price,naive
Soybean,Kolhapur,Yellow,2026-06-17,4234.0,4250.0,Naive_Previous_Price,naive
Soybean,Kolhapur,Yellow,2026-06-18,4217.0,4234.0,Naive_Previous_Price,naive
Soybean,Kolhapur,Yellow,2026-06-19,4195.0,4217.0,Naive_Previous_Price,naive
Soybean,Kolhapur,Yellow,2026-06-20,4291.0,4195.0,Naive_Previous_Price,naive
Soybean,Kolhapur,Yellow,2026-06-21,4379.0,4291.0,Naive_Previous_Price,naive
Soybean,Kolhapur,Yellow,2026-06-22,4340.0,4379.0,Naive_Previous_Price,naive
Soybean,Kolhapur,Yellow,2026-06-23,4320.0,4340.0,Naive_Previous_Price,naive
Soybean,Kolhapur,Yellow,2026-06-25,4209.0,4320.0,Naive_Previous_Price,naive
Soybean,Kolhapur,Yellow,2026-06-26,4332.0,4209.0,Naive_Previous_Price,naive
Soybean,Kolhapur,Yellow,2026-06-27,4341.0,4332.0,Naive_Previous_Price,naive
Soybean,Kolhapur,Yellow,2026-06-28,4393.0,4341.0,Naive_Previous_Price,naive
Soybean,Kolhapur,Yellow,2026-06-29,4441.0,4393.0,Naive_Previous_Price,naive
Soybean,Kolhapur,Yellow,2026-06-30,4613.0,4441.0,Naive_Previous_Price,naive
Soybean,Kolhapur,Yellow,2026-07-01,4559.0,4613.0,Naive_Previous_Price,naive
Soybean,Kolhapur,Yellow,2026-07-02,4524.0,4559.0,Naive_Previous_Price,naive
Soybean,Kolhapur,Yellow,2026-07-03,4548.0,4524.0,Naive_Previous_Price,naive
Soybean,Kolhapur,Yellow,2026-07-04,4469.0,4548.0,Naive_Previous_Price,naive
Soybean,Kolhapur,Yellow,2026-07-05,4454.0,4469.0,Naive_Previous_Price,naive
Soybean,Kolhapur,Yellow,2026-07-06,4525.0,4454.0,Naive_Previous_Price,naive
Soybean,Kolhapur,Yellow,2026-07-07,4425.0,4525.0,Naive_Previous_Price,naive
Soybean,Kolhapur,Yellow,2026-07-08,4354.0,4425.0,Naive_Previous_Price,naive
Soybean,Kolhapur,Yellow,2026-07-09,4293.0,4354.0,Naive_Previous_Price,naive
Soybean,Kolhapur,Yellow,2026-07-10,4373.0,4293.0,Naive_Previous_Price,naive
Soybean,Kolhapur,Yellow,2026-07-11,4366.0,4373.0,Naive_Previous_Price,naive
Soybean,Satara,Yellow,2026-06-13,4388.0,4289.5,Random_Forest_Crop_Specific,crop_specific
Soybean,Satara,Yellow,2026-06-14,4265.0,4376.1,Random_Forest_Crop_Specific,crop_specific
Soybean,Satara,Yellow,2026-06-15,4231.0,4296.57,Random_Forest_Crop_Specific,crop_specific
Soybean,Satara,Yellow,2026-06-16,4285.0,4231.77,Random_Forest_Crop_Specific,crop_specific
Soybean,Satara,Yellow,2026-06-17,4226.0,4264.61,Random_Forest_Crop_Specific,crop_specific
Soybean,Satara,Yellow,2026-06-18,4216.0,4232.24,Random_Forest_Crop_Specific,crop_specific
Soybean,Satara,Yellow,2026-06-19,4296.0,4235.25,Random_Forest_Crop_Specific,crop_specific
Soybean,Satara,Yellow,2026-06-20,4499.0,4275.69,Random_Forest_Crop_Specific,crop_specific
Soybean,Satara,Yellow,2026-06-21,4539.0,4437.83,Random_Forest_Crop_Specific,crop_specific
Soybean,Satara,Yellow,2026-06-22,4427.0,4436.23,Random_Forest_Crop_Specific,crop_specific
Soybean,Satara,Yellow,2026-06-23,4365.0,4374.23,Random_Forest_Crop_Specific,crop_specific
Soybean,Satara,Yellow,2026-06-24,4346.0,4348.12,Random_Forest_Crop_Specific,crop_specific
Soybean,Satara,Yellow,2026-06-25,4362.0,4323.55,Random_Forest_Crop_Specific,crop_specific
Soybean,Satara,Yellow,2026-06-26,4229.0,4313.1,Random_Forest_Crop_Specific,crop_specific
Soybean,Satara,Yellow,2026-06-27,4217.0,4223.43,Random_Forest_Crop_Specific,crop_specific
Soybean,Satara,Yellow,2026-06-28,4128.0,4263.31,Random_Forest_Crop_Specific,crop_specific
Soybean,Satara,Yellow,2026-06-29,4192.0,4157.0,Random_Forest_Crop_Specific,crop_specific
Soybean,Satara,Yellow,2026-06-30,4125.0,4230.88,Random_Forest_Crop_Specific,crop_specific
Soybean,Satara,Yellow,2026-07-01,4147.0,4170.31,Random_Forest_Crop_Specific,crop_specific
Soybean,Satara,Yellow,2026-07-02,4095.0,4160.77,Random_Forest_Crop_Specific,crop_specific
Soybean,Satara,Yellow,2026-07-03,4163.0,4123.27,Random_Forest_Crop_Specific,crop_specific
Soybean,Satara,Yellow,2026-07-04,4103.0,4161.22,Random_Forest_Crop_Specific,crop_specific
Soybean,Satara,Yellow,2026-07-05,4160.0,4149.84,Random_Forest_Crop_Specific,crop_specific
Soybean,Satara,Yellow,2026-07-06,4155.0,4174.8,Random_Forest_Crop_Specific,crop_specific
Soybean,Satara,Yellow,2026-07-07,4287.0,4191.95,Random_Forest_Crop_Specific,crop_specific
Soybean,Satara,Yellow,2026-07-08,4406.0,4272.5,Random_Forest_Crop_Specific,crop_specific
Soybean,Satara,Yellow,2026-07-09,4428.0,4372.29,Random_Forest_Crop_Specific,crop_specific
Soybean,Satara,Yellow,2026-07-10,4385.0,4405.54,Random_Forest_Crop_Specific,crop_specific
Soybean,Satara,Yellow,2026-07-11,4393.0,4386.98,Random_Forest_Crop_Specific,crop_specific
Tomato,Kolhapur,Hybrid,2026-06-04,1534.0,1604.0,Naive_Previous_Price,naive
Tomato,Kolhapur,Hybrid,2026-06-05,1465.0,1534.0,Naive_Previous_Price,naive
Tomato,Kolhapur,Hybrid,2026-06-06,1300.0,1465.0,Naive_Previous_Price,naive
Tomato,Kolhapur,Hybrid,2026-06-07,1190.0,1300.0,Naive_Previous_Price,naive
Tomato,Kolhapur,Hybrid,2026-06-08,1176.0,1190.0,Naive_Previous_Price,naive
Tomato,Kolhapur,Hybrid,2026-06-09,1147.0,1176.0,Naive_Previous_Price,naive
Tomato,Kolhapur,Hybrid,2026-06-10,1175.0,1147.0,Naive_Previous_Price,naive
Tomato,Kolhapur,Hybrid,2026-06-11,1096.0,1175.0,Naive_Previous_Price,naive
Tomato,Kolhapur,Hybrid,2026-06-12,1112.0,1096.0,Naive_Previous_Price,naive
Tomato,Kolhapur,Hybrid,2026-06-13,1229.0,1112.0,Naive_Previous_Price,naive
Tomato,Kolhapur,Hybrid,2026-06-14,1253.0,1229.0,Naive_Previous_Price,naive
Tomato,Kolhapur,Hybrid,2026-06-15,1231.0,1253.0,Naive_Previous_Price,naive
Tomato,Kolhapur,Hybrid,2026-06-16,1216.0,1231.0,Naive_Previous_Price,naive
Tomato,Kolhapur,Hybrid,2026-06-17,1235.0,1216.0,Naive_Previous_Price,naive
Tomato,Kolhapur,Hybrid,2026-06-18,1126.0,1235.0,Naive_Previous_Price,naive
Tomato,Kolhapur,Hybrid,2026-06-19,1140.0,1126.0,Naive_Previous_Price,naive
Tomato,Kolhapur,Hybrid,2026-06-20,1199.0,1140.0,Naive_Previous_Price,naive
Tomato,Kolhapur,Hybrid,2026-06-21,1272.0,1199.0,Naive_Previous_Price,naive
Tomato,Kolhapur,Hybrid,2026-06-22,1158.0,1272.0,Naive_Previous_Price,naive
Tomato,Kolhapur,Hybrid,2026-06-23,997.0,1158.0,Naive_Previous_Price,naive
Tomato,Kolhapur,Hybrid,2026-06-24,962.0,997.0,Naive_Previous_Price,naive
Tomato,Kolhapur,Hybrid,2026-06-25,951.0,962.0,Naive_Previous_Price,naive
Tomato,Kolhapur,Hybrid,2026-06-26,915.0,951.0,Naive_Previous_Price,naive
Tomato,Kolhapur,Hybrid,2026-06-27,939.0,915.0,Naive_Previous_Price,naive
Tomato,Kolhapur,Hybrid,2026-06-28,833.0,939.0,Naive_Previous_Price,naive
Tomato,Kolhapur,Hybrid,2026-06-29,877.0,833.0,Naive_Previous_Price,naive
Tomato,Kolhapur,Hybrid,2026-07-01,1027.0,877.0,Naive_Previous_Price,naive
Tomato,Kolhapur,Hybrid,2026-07-02,940.0,1027.0,Naive_Previous_Price,naive
Tomato,Kolhapur,Hybrid,2026-07-03,904.0,940.0,Naive_Previous_Price,naive
Tomato,Kolhapur,Hybrid,2026-07-04,849.0,904.0,Naive_Previous_Price,naive
Tomato,Kolhapur,Hybrid,2026-07-05,785.0,849.0,Naive_Previous_Price,naive
Tomato,Kolhapur,Hybrid,2026-07-06,883.0,785.0,Naive_Previous_Price,naive
Tomato,Kolhapur,Hybrid,2026-07-07,841.0,883.0,Naive_Previous_Price,naive
Tomato,Kolhapur,Hybrid,2026-07-08,958.0,841.0,Naive_Previous_Price,naive
Tomato,Kolhapur,Hybrid,2026-07-09,858.0,958.0,Naive_Previous_Price,naive
Tomato,Kolhapur,Hybrid,2026-07-10,733.0,858.0,Naive_Previous_Price,naive
Tomato,Kolhapur,Hybrid,2026-07-11,786.0,733.0,Naive_Previous_Price,naive
Tomato,Nashik,Hybrid,2026-06-04,2105.0,2241.0,Naive_Previous_Price,naive
Tomato,Nashik,Hybrid,2026-06-05,2086.0,2105.0,Naive_Previous_Price,naive
Tomato,Nashik,Hybrid,2026-06-06,2183.0,2086.0,Naive_Previous_Price,naive
Tomato,Nashik,Hybrid,2026-06-07,2202.0,2183.0,Naive_Previous_Price,naive
Tomato,Nashik,Hybrid,2026-06-08,2245.0,2202.0,Naive_Previous_Price,naive
Tomato,Nashik,Hybrid,2026-06-09,2088.0,2245.0,Naive_Previous_Price,naive
Tomato,Nashik,Hybrid,2026-06-10,2111.0,2088.0,Naive_Previous_Price,naive
Tomato,Nashik,Hybrid,2026-06-11,2218.0,2111.0,Naive_Previous_Price,naive
Tomato,Nashik,Hybrid,2026-06-12,2172.0,2218.0,Naive_Previous_Price,naive
Tomato,Nashik,Hybrid,2026-06-13,2100.0,2172.0,Naive_Previous_Price,naive
Tomato,Nashik,Hybrid,2026-06-14,2069.0,2100.0,Naive_Previous_Price,naive
Tomato,Nashik,Hybrid,2026-06-15,2138.0,2069.0,Naive_Previous_Price,naive
Tomato,Nashik,Hybrid,2026-06-16,1985.0,2138.0,Naive_Previous_Price,naive
Tomato,Nashik,Hybrid,2026-06-17,1934.0,1985.0,Naive_Previous_Price,naive
Tomato,Nashik,Hybrid,2026-06-18,1910.0,1934.0,Naive_Previous_Price,naive
Tomato,Nashik,Hybrid,2026-06-19,1711.0,1910.0,Naive_Previous_Price,naive
Tomato,Nashik,Hybrid,2026-06-20,1727.0,1711.0,Naive_Previous_Price,naive
Tomato,Nashik,Hybrid,2026-06-21,1831.0,1727.0,Naive_Previous_Price,naive
Tomato,Nashik,Hybrid,2026-06-22,1669.0,1831.0,Naive_Previous_Price,naive
Tomato,Nashik,Hybrid,2026-06-23,1644.0,1669.0,Naive_Previous_Price,naive
Tomato,Nashik,Hybrid,2026-06-24,1627.0,1644.0,Naive_Previous_Price,naive
Tomato,Nashik,Hybrid,2026-06-25,1492.0,1627.0,Naive_Previous_Price,naive
Tomato,Nashik,Hybrid,2026-06-26,1380.0,1492.0,Naive_Previous_Price,naive
Tomato,Nashik,Hybrid,2026-06-27,1279.0,1380.0,Naive_Previous_Price,naive
Tomato,Nashik,Hybrid,2026-06-28,1180.0,1279.0,Naive_Previous_Price,naive
Tomato,Nashik,Hybrid,2026-06-29,1174.0,1180.0,Naive_Previous_Price,naive
Tomato,Nashik,Hybrid,2026-07-01,1203.0,1174.0,Naive_Previous_Price,naive
Tomato,Nashik,Hybrid,2026-07-02,1150.0,1203.0,Naive_Previous_Price,naive
Tomato,Nashik,Hybrid,2026-07-03,1095.0,1150.0,Naive_Previous_Price,naive
Tomato,Nashik,Hybrid,2026-07-04,1170.0,1095.0,Naive_Previous_Price,naive
Tomato,Nashik,Hybrid,2026-07-05,1172.0,1170.0,Naive_Previous_Price,naive
Tomato,Nashik,Hybrid,2026-07-06,1053.0,1172.0,Naive_Previous_Price,naive
Tomato,Nashik,Hybrid,2026-07-07,857.0,1053.0,Naive_Previous_Price,naive
Tomato,Nashik,Hybrid,2026-07-08,866.0,857.0,Naive_Previous_Price,naive
Tomato,Nashik,Hybrid,2026-07-10,901.0,866.0,Naive_Previous_Price,naive
Tomato,Nashik,Hybrid,2026-07-11,967.0,901.0,Naive_Previous_Price,naive
Tomato,Pune,Hybrid,2026-06-06,428.0,300.0,Naive_Previous_Price,naive
Tomato,Pune,Hybrid,2026-06-07,391.0,428.0,Naive_Previous_Price,naive
Tomato,Pune,Hybrid,2026-06-08,418.0,391.0,Naive_Previous_Price,naive
Tomato,Pune,Hybrid,2026-06-09,396.0,418.0,Naive_Previous_Price,naive
Tomato,Pune,Hybrid,2026-06-10,382.0,396.0,Naive_Previous_Price,naive
Tomato,Pune,Hybrid,2026-06-11,365.0,382.0,Naive_Previous_Price,naive
Tomato,Pune,Hybrid,2026-06-12,360.0,365.0,Naive_Previous_Price,naive
Tomato,Pune,Hybrid,2026-06-13,381.0,360.0,Naive_Previous_Price,naive
Tomato,Pune,Hybrid,2026-06-14,460.0,381.0,Naive_Previous_Price,naive
Tomato,Pune,Hybrid,2026-06-15,353.0,460.0,Naive_Previous_Price,naive
Tomato,Pune,Hybrid,2026-06-16,406.0,353.0,Naive_Previous_Price,naive
Tomato,Pune,Hybrid,2026-06-17,461.0,406.0,Naive_Previous_Price,naive
Tomato,Pune,Hybrid,2026-06-18,583.0,461.0,Naive_Previous_Price,naive
Tomato,Pune,Hybrid,2026-06-19,524.0,583.0,Naive_Previous_Price,naive
Tomato,Pune,Hybrid,2026-06-20,586.0,524.0,Naive_Previous_Price,naive
Tomato,Pune,Hybrid,2026-06-21,573.0,586.0,Naive_Previous_Price,naive
Tomato,Pune,Hybrid,2026-06-22,523.0,573.0,Naive_Previous_Price,naive
Tomato,Pune,Hybrid,2026-06-23,566.0,523.0,Naive_Previous_Price,naive
Tomato,Pune,Hybrid,2026-06-24,672.0,566.0,Naive_Previous_Price,naive
Tomato,Pune,Hybrid,2026-06-25,883.0,672.0,Naive_Previous_Price,naive
Tomato,Pune,Hybrid,2026-06-26,961.0,883.0,Naive_Previous_Price,naive
Tomato,Pune,Hybrid,2026-06-27,1047.0,961.0,Naive_Previous_Price,naive
Tomato,Pune,Hybrid,2026-06-28,985.0,1047.0,Naive_Previous_Price,naive
Tomato,Pune,Hybrid,2026-06-29,863.0,985.0,Naive_Previous_Price,naive
Tomato,Pune,Hybrid,2026-06-30,877.0,863.0,Naive_Previous_Price,naive
Tomato,Pune,Hybrid,2026-07-01,830.0,877.0,Naive_Previous_Price,naive
Tomato,Pune,Hybrid,2026-07-02,718.0,830.0,Naive_Previous_Price,naive
Tomato,Pune,Hybrid,2026-07-03,739.0,718.0,Naive_Previous_Price,naive
Tomato,Pune,Hybrid,2026-07-04,677.0,739.0,Naive_Previous_Price,naive
Tomato,Pune,Hybrid,2026-07-05,764.0,677.0,Naive_Previous_Price,naive
Tomato,Pune,Hybrid,2026-07-06,688.0,764.0,Naive_Previous_Price,naive
Tomato,Pune,Hybrid,2026-07-07,730.0,688.0,Naive_Previous_Price,naive
Tomato,Pune,Hybrid,2026-07-08,661.0,730.0,Naive_Previous_Price,naive
Tomato,Pune,Hybrid,2026-07-09,806.0,661.0,Naive_Previous_Price,naive
Tomato,Pune,Hybrid,2026-07-10,732.0,806.0,Naive_Previous_Price,naive
Tomato,Pune,Hybrid,2026-07-11,622.0,732.0,Naive_Previous_Price,naive
Tomato,Sangli,Hybrid,2026-06-06,1495.0,1388.0,Naive_Previous_Price,naive
Tomato,Sangli,Hybrid,2026-06-07,1625.0,1495.0,Naive_Previous_Price,naive
Tomato,Sangli,Hybrid,2026-06-08,1684.0,1625.0,Naive_Previous_Price,naive
Tomato,Sangli,Hybrid,2026-06-09,1859.0,1684.0,Naive_Previous_Price,naive
Tomato,Sangli,Hybrid,2026-06-10,1880.0,1859.0,Naive_Previous_Price,naive
Tomato,Sangli,Hybrid,2026-06-11,1938.0,1880.0,Naive_Previous_Price,naive
Tomato,Sangli,Hybrid,2026-06-12,1856.0,1938.0,Naive_Previous_Price,naive
Tomato,Sangli,Hybrid,2026-06-13,1978.0,1856.0,Naive_Previous_Price,naive
Tomato,Sangli,Hybrid,2026-06-14,1985.0,1978.0,Naive_Previous_Price,naive
Tomato,Sangli,Hybrid,2026-06-15,2035.0,1985.0,Naive_Previous_Price,naive
Tomato,Sangli,Hybrid,2026-06-16,1894.0,2035.0,Naive_Previous_Price,naive
Tomato,Sangli,Hybrid,2026-06-17,2029.0,1894.0,Naive_Previous_Price,naive
Tomato,Sangli,Hybrid,2026-06-18,2157.0,2029.0,Naive_Previous_Price,naive
Tomato,Sangli,Hybrid,2026-06-19,1933.0,2157.0,Naive_Previous_Price,naive
Tomato,Sangli,Hybrid,2026-06-20,1825.0,1933.0,Naive_Previous_Price,naive
Tomato,Sangli,Hybrid,2026-06-21,1728.0,1825.0,Naive_Previous_Price,naive
Tomato,Sangli,Hybrid,2026-06-22,1758.0,1728.0,Naive_Previous_Price,naive
Tomato,Sangli,Hybrid,2026-06-23,1674.0,1758.0,Naive_Previous_Price,naive
Tomato,Sangli,Hybrid,2026-06-24,1722.0,1674.0,Naive_Previous_Price,naive
Tomato,Sangli,Hybrid,2026-06-25,1754.0,1722.0,Naive_Previous_Price,naive
Tomato,Sangli,Hybrid,2026-06-26,1942.0,1754.0,Naive_Previous_Price,naive
Tomato,Sangli,Hybrid,2026-06-27,1851.0,1942.0,Naive_Previous_Price,naive
Tomato,Sangli,Hybrid,2026-06-28,1846.0,1851.0,Naive_Previous_Price,naive
Tomato,Sangli,Hybrid,2026-06-29,1757.0,1846.0,Naive_Previous_Price,naive
Tomato,Sangli,Hybrid,2026-06-30,1775.0,1757.0,Naive_Previous_Price,naive
Tomato,Sangli,Hybrid,2026-07-01,1694.0,1775.0,Naive_Previous_Price,naive
Tomato,Sangli,Hybrid,2026-07-02,1694.0,1694.0,Naive_Previous_Price,naive
Tomato,Sangli,Hybrid,2026-07-03,1641.0,1694.0,Naive_Previous_Price,naive
Tomato,Sangli,Hybrid,2026-07-04,1784.0,1641.0,Naive_Previous_Price,naive
Tomato,Sangli,Hybrid,2026-07-05,1835.0,1784.0,Naive_Previous_Price,naive
Tomato,Sangli,Hybrid,2026-07-06,1881.0,1835.0,Naive_Previous_Price,naive
Tomato,Sangli,Hybrid,2026-07-07,2042.0,1881.0,Naive_Previous_Price,naive
Tomato,Sangli,Hybrid,2026-07-08,1950.0,2042.0,Naive_Previous_Price,naive
Tomato,Sangli,Hybrid,2026-07-09,2061.0,1950.0,Naive_Previous_Price,naive
Tomato,Sangli,Hybrid,2026-07-10,2122.0,2061.0,Naive_Previous_Price,naive
Tomato,Sangli,Hybrid,2026-07-11,2109.0,2122.0,Naive_Previous_Price,naive
Tomato,Satara,Hybrid,2026-06-04,1485.0,1529.44,Random_Forest_Combined,combined
Tomato,Satara,Hybrid,2026-06-05,1518.0,1479.89,Random_Forest_Combined,combined
Tomato,Satara,Hybrid,2026-06-06,1622.0,1484.3,Random_Forest_Combined,combined
Tomato,Satara,Hybrid,2026-06-07,1710.0,1639.21,Random_Forest_Combined,combined
Tomato,Satara,Hybrid,2026-06-08,1845.0,1681.88,Random_Forest_Combined,combined
Tomato,Satara,Hybrid,2026-06-09,1900.0,1794.18,Random_Forest_Combined,combined
Tomato,Satara,Hybrid,2026-06-10,1766.0,1914.39,Random_Forest_Combined,combined
Tomato,Satara,Hybrid,2026-06-11,1748.0,1770.84,Random_Forest_Combined,combined
Tomato,Satara,Hybrid,2026-06-12,1856.0,1767.05,Random_Forest_Combined,combined
Tomato,Satara,Hybrid,2026-06-13,1719.0,1815.67,Random_Forest_Combined,combined
Tomato,Satara,Hybrid,2026-06-14,1681.0,1661.47,Random_Forest_Combined,combined
Tomato,Satara,Hybrid,2026-06-16,1501.0,1658.76,Random_Forest_Combined,combined
Tomato,Satara,Hybrid,2026-06-17,1567.0,1536.71,Random_Forest_Combined,combined
Tomato,Satara,Hybrid,2026-06-18,1611.0,1551.72,Random_Forest_Combined,combined
Tomato,Satara,Hybrid,2026-06-19,1646.0,1632.94,Random_Forest_Combined,combined
Tomato,Satara,Hybrid,2026-06-20,1660.0,1631.84,Random_Forest_Combined,combined
Tomato,Satara,Hybrid,2026-06-21,1630.0,1671.43,Random_Forest_Combined,combined
Tomato,Satara,Hybrid,2026-06-22,1561.0,1620.64,Random_Forest_Combined,combined
Tomato,Satara,Hybrid,2026-06-24,1715.0,1554.29,Random_Forest_Combined,combined
Tomato,Satara,Hybrid,2026-06-25,1612.0,1694.62,Random_Forest_Combined,combined
Tomato,Satara,Hybrid,2026-06-26,1462.0,1633.51,Random_Forest_Combined,combined
Tomato,Satara,Hybrid,2026-06-27,1507.0,1515.95,Random_Forest_Combined,combined
Tomato,Satara,Hybrid,2026-06-28,1683.0,1496.53,Random_Forest_Combined,combined
Tomato,Satara,Hybrid,2026-06-29,1775.0,1674.08,Random_Forest_Combined,combined
Tomato,Satara,Hybrid,2026-06-30,1690.0,1791.63,Random_Forest_Combined,combined
Tomato,Satara,Hybrid,2026-07-01,1640.0,1668.11,Random_Forest_Combined,combined
Tomato,Satara,Hybrid,2026-07-02,1676.0,1645.12,Random_Forest_Combined,combined
Tomato,Satara,Hybrid,2026-07-03,1741.0,1696.12,Random_Forest_Combined,combined
Tomato,Satara,Hybrid,2026-07-04,1768.0,1764.97,Random_Forest_Combined,combined
Tomato,Satara,Hybrid,2026-07-05,1694.0,1702.46,Random_Forest_Combined,combined
Tomato,Satara,Hybrid,2026-07-06,1647.0,1639.97,Random_Forest_Combined,combined
Tomato,Satara,Hybrid,2026-07-07,1650.0,1627.44,Random_Forest_Combined,combined
Tomato,Satara,Hybrid,2026-07-08,1552.0,1633.01,Random_Forest_Combined,combined
Tomato,Satara,Hybrid,2026-07-09,1564.0,1528.04,Random_Forest_Combined,combined
Tomato,Satara,Hybrid,2026-07-10,1350.0,1546.89,Random_Forest_Combined,combined
Tomato,Satara,Hybrid,2026-07-11,1534.0,1344.57,Random_Forest_Combined,combined
Wheat,Kolhapur,Lokwan,2025-09-14,2567.0,2569.0,Naive_Previous_Price,naive
Wheat,Kolhapur,Lokwan,2025-09-15,2569.0,2567.0,Naive_Previous_Price,naive
Wheat,Kolhapur,Lokwan,2025-09-17,2601.0,2569.0,Naive_Previous_Price,naive
Wheat,Kolhapur,Lokwan,2025-09-18,2591.0,2601.0,Naive_Previous_Price,naive
Wheat,Kolhapur,Lokwan,2025-09-19,2570.0,2591.0,Naive_Previous_Price,naive
Wheat,Kolhapur,Lokwan,2025-09-20,2590.0,2570.0,Naive_Previous_Price,naive
Wheat,Kolhapur,Lokwan,2025-09-21,2578.0,2590.0,Naive_Previous_Price,naive
Wheat,Kolhapur,Lokwan,2025-09-22,2551.0,2578.0,Naive_Previous_Price,naive
Wheat,Kolhapur,Lokwan,2025-09-23,2527.0,2551.0,Naive_Previous_Price,naive
Wheat,Kolhapur,Lokwan,2025-09-24,2504.0,2527.0,Naive_Previous_Price,naive
Wheat,Kolhapur,Lokwan,2025-09-25,2496.0,2504.0,Naive_Previous_Price,naive
Wheat,Kolhapur,Lokwan,2025-09-26,2508.0,2496.0,Naive_Previous_Price,naive
Wheat,Kolhapur,Lokwan,2025-09-27,2506.0,2508.0,Naive_Previous_Price,naive
Wheat,Kolhapur,Lokwan,2025-09-28,2541.0,2506.0,Naive_Previous_Price,naive
Wheat,Kolhapur,Lokwan,2025-09-29,2496.0,2541.0,Naive_Previous_Price,naive
Wheat,Kolhapur,Lokwan,2025-09-30,2500.0,2496.0,Naive_Previous_Price,naive
Wheat,Kolhapur,Lokwan,2025-10-01,2489.0,2500.0,Naive_Previous_Price,naive
Wheat,Kolhapur,Lokwan,2025-10-02,2482.0,2489.0,Naive_Previous_Price,naive
Wheat,Kolhapur,Lokwan,2025-10-03,2487.0,2482.0,Naive_Previous_Price,naive
Wheat,Kolhapur,Lokwan,2025-10-04,2504.0,2487.0,Naive_Previous_Price,naive
Wheat,Pune,Lokwan,2025-09-14,2696.0,2672.0,Naive_Previous_Price,naive
Wheat,Pune,Lokwan,2025-09-15,2679.0,2696.0,Naive_Previous_Price,naive
Wheat,Pune,Lokwan,2025-09-16,2676.0,2679.0,Naive_Previous_Price,naive
Wheat,Pune,Lokwan,2025-09-17,2685.0,2676.0,Naive_Previous_Price,naive
Wheat,Pune,Lokwan,2025-09-18,2656.0,2685.0,Naive_Previous_Price,naive
Wheat,Pune,Lokwan,2025-09-19,2617.0,2656.0,Naive_Previous_Price,naive
Wheat,Pune,Lokwan,2025-09-20,2588.0,2617.0,Naive_Previous_Price,naive
Wheat,Pune,Lokwan,2025-09-21,2570.0,2588.0,Naive_Previous_Price,naive
Wheat,Pune,Lokwan,2025-09-22,2581.0,2570.0,Naive_Previous_Price,naive
Wheat,Pune,Lokwan,2025-09-23,2551.0,2581.0,Naive_Previous_Price,naive
Wheat,Pune,Lokwan,2025-09-24,2551.0,2551.0,Naive_Previous_Price,naive
Wheat,Pune,Lokwan,2025-09-25,2528.0,2551.0,Naive_Previous_Price,naive
Wheat,Pune,Lokwan,2025-09-26,2530.0,2528.0,Naive_Previous_Price,naive
Wheat,Pune,Lokwan,2025-09-27,2549.0,2530.0,Naive_Previous_Price,naive
Wheat,Pune,Lokwan,2025-09-28,2513.0,2549.0,Naive_Previous_Price,naive
Wheat,Pune,Lokwan,2025-09-29,2551.0,2513.0,Naive_Previous_Price,naive
Wheat,Pune,Lokwan,2025-09-30,2534.0,2551.0,Naive_Previous_Price,naive
Wheat,Pune,Lokwan,2025-10-01,2536.0,2534.0,Naive_Previous_Price,naive
Wheat,Pune,Lokwan,2025-10-02,2545.0,2536.0,Naive_Previous_Price,naive
Wheat,Pune,Lokwan,2025-10-03,2523.0,2545.0,Naive_Previous_Price,naive
Wheat,Pune,Lokwan,2025-10-04,2508.0,2523.0,Naive_Previous_Price,naive
Wheat,Satara,Lokwan,2025-09-14,2101.0,2102.68,Random_Forest_Combined,combined
Wheat,Satara,Lokwan,2025-09-15,2123.0,2104.53,Random_Forest_Combined,combined
Wheat,Satara,Lokwan,2025-09-16,2114.0,2125.7,Random_Forest_Combined,combined
Wheat,Satara,Lokwan,2025-09-17,2097.0,2112.65,Random_Forest_Combined,combined
Wheat,Satara,Lokwan,2025-09-18,2111.0,2103.75,Random_Forest_Combined,combined
Wheat,Satara,Lokwan,2025-09-19,2101.0,2111.23,Random_Forest_Combined,combined
Wheat,Satara,Lokwan,2025-09-20,2100.0,2103.85,Random_Forest_Combined,combined
Wheat,Satara,Lokwan,2025-09-21,2104.0,2103.61,Random_Forest_Combined,combined
Wheat,Satara,Lokwan,2025-09-22,2131.0,2107.19,Random_Forest_Combined,combined
Wheat,Satara,Lokwan,2025-09-23,2123.0,2134.78,Random_Forest_Combined,combined
Wheat,Satara,Lokwan,2025-09-24,2133.0,2127.88,Random_Forest_Combined,combined
Wheat,Satara,Lokwan,2025-09-25,2123.0,2138.77,Random_Forest_Combined,combined
Wheat,Satara,Lokwan,2025-09-26,2150.0,2128.42,Random_Forest_Combined,combined
Wheat,Satara,Lokwan,2025-09-27,2156.0,2157.46,Random_Forest_Combined,combined
Wheat,Satara,Lokwan,2025-09-28,2165.0,2159.27,Random_Forest_Combined,combined
Wheat,Satara,Lokwan,2025-09-29,2179.0,2159.54,Random_Forest_Combined,combined
Wheat,Satara,Lokwan,2025-09-30,2194.0,2166.21,Random_Forest_Combined,combined
Wheat,Satara,Lokwan,2025-10-01,2217.0,2195.06,Random_Forest_Combined,combined
Wheat,Satara,Lokwan,2025-10-02,2202.0,2216.2,Random_Forest_Combined,combined
Wheat,Satara,Lokwan,2025-10-03,2213.0,2210.86,Random_Forest_Combined,combined
Wheat,Satara,Lokwan,2025-10-04,2186.0,2214.24,Random_Forest_Combined,combined
