Crop,Market,Arrival_Date,Actual_Modal_Price,Pred_Naive,Pred_MA3,Pred_MA7,Pred_Linear_Regression,Variety_Used
Onion,Kolhapur,2026-06-01,2651.0,2646.0,2620.6666666666665,2578.714285714286,2631.806614200934,Local
Onion,Kolhapur,2026-06-02,2635.0,2651.0,2636.6666666666665,2598.5714285714284,2636.4703111445706,Local
Onion,Kolhapur,2026-06-03,2623.0,2635.0,2644.0,2613.8571428571427,2618.9344450726057,Local
Onion,Kolhapur,2026-06-04,2636.0,2623.0,2636.333333333333,2622.428571428572,2603.829930907319,Local
Onion,Kolhapur,2026-06-05,2622.0,2636.0,2631.333333333333,2629.5714285714284,2614.7805883378896,Local
Onion,Kolhapur,2026-06-06,2622.0,2622.0,2627.0,2632.285714285714,2602.504265036987,Local
Onion,Kolhapur,2026-06-07,2625.0,2622.0,2626.6666666666665,2633.5714285714284,2609.497833595611,Local
Onion,Kolhapur,2026-06-08,2619.0,2625.0,2623.0,2630.5714285714284,2597.5079834655626,Local
Onion,Kolhapur,2026-06-09,2577.0,2619.0,2622.0,2626.0,2595.9809672191623,Local
Onion,Kolhapur,2026-06-10,2547.0,2577.0,2607.0,2617.714285714286,2563.1230732862023,Local
Onion,Kolhapur,2026-06-11,2510.0,2547.0,2581.0,2606.8571428571427,2543.125464748766,Local
Onion,Kolhapur,2026-06-12,2552.0,2510.0,2544.6666666666665,2588.8571428571427,2515.145043301396,Local
Onion,Kolhapur,2026-06-13,2541.0,2552.0,2536.333333333333,2578.8571428571427,2558.9004131403344,Local
Onion,Kolhapur,2026-06-14,2557.0,2541.0,2534.333333333333,2567.285714285714,2548.1337291188247,Local
Onion,Kolhapur,2026-06-15,2518.0,2557.0,2550.0,2557.5714285714284,2552.9693319135113,Local
Onion,Kolhapur,2026-06-16,2502.0,2518.0,2538.6666666666665,2543.1428571428573,2516.983292407531,Local
Onion,Kolhapur,2026-06-17,2512.0,2502.0,2525.6666666666665,2532.428571428572,2508.2126020657015,Local
Onion,Kolhapur,2026-06-18,2511.0,2512.0,2510.6666666666665,2527.428571428572,2516.9081321601116,Local
Onion,Kolhapur,2026-06-19,2541.0,2511.0,2508.333333333333,2527.5714285714284,2514.607808780711,Local
Onion,Kolhapur,2026-06-20,2569.0,2541.0,2521.333333333333,2526.0,2546.9646036337654,Local
Onion,Kolhapur,2026-06-21,2526.0,2569.0,2540.333333333333,2530.0,2577.173345909512,Local
Onion,Kolhapur,2026-06-22,2493.0,2526.0,2545.333333333333,2525.5714285714284,2522.7324548865145,Local
Onion,Kolhapur,2026-06-23,2522.0,2493.0,2529.333333333333,2522.0,2498.4014814592956,Local
Onion,Kolhapur,2026-06-24,2524.0,2522.0,2513.6666666666665,2524.8571428571427,2524.2108581300126,Local
Onion,Kolhapur,2026-06-25,2492.0,2524.0,2513.0,2526.5714285714284,2527.747753749718,Local
Onion,Kolhapur,2026-06-26,2530.0,2492.0,2512.6666666666665,2523.8571428571427,2499.9705450749316,Local
Onion,Kolhapur,2026-06-27,2551.0,2530.0,2515.333333333333,2522.285714285714,2540.4160467195325,Local
Onion,Kolhapur,2026-06-28,2543.0,2551.0,2524.333333333333,2519.714285714286,2561.257074029214,Local
Onion,Kolhapur,2026-06-29,2595.0,2543.0,2541.333333333333,2522.1428571428573,2545.7426911531948,Local
Onion,Kolhapur,2026-06-30,2588.0,2595.0,2563.0,2536.714285714286,2602.4203225018864,Local
Onion,Kolhapur,2026-07-01,2584.0,2588.0,2575.333333333333,2546.1428571428573,2607.463650735066,Local
Onion,Kolhapur,2026-07-02,2602.0,2584.0,2589.0,2554.714285714286,2610.3094316805073,Local
Onion,Kolhapur,2026-07-03,2600.0,2602.0,2591.333333333333,2570.428571428572,2619.7971015706134,Local
Onion,Kolhapur,2026-07-04,2623.0,2600.0,2595.333333333333,2580.428571428572,2613.05143007313,Local
Onion,Kolhapur,2026-07-05,2631.0,2623.0,2608.333333333333,2590.714285714286,2641.3911239000445,Local
Onion,Kolhapur,2026-07-06,2659.0,2631.0,2618.0,2603.285714285714,2630.819995124446,Local
Onion,Kolhapur,2026-07-07,2633.0,2659.0,2637.6666666666665,2612.428571428572,2665.709279997769,Local
Onion,Kolhapur,2026-07-08,2617.0,2633.0,2641.0,2618.8571428571427,2641.1084171120892,Local
Onion,Kolhapur,2026-07-09,2665.0,2617.0,2636.333333333333,2623.5714285714284,2631.040207915532,Local
Onion,Kolhapur,2026-07-10,2669.0,2665.0,2638.333333333333,2632.5714285714284,2678.6789819782716,Local
Onion,Kolhapur,2026-07-11,2678.0,2669.0,2650.333333333333,2642.428571428572,2679.816762040893,Local
Onion,Nashik,2026-06-01,2743.0,2765.0,2744.333333333333,2702.8571428571427,2754.765053480398,Local
Onion,Nashik,2026-06-03,2803.0,2743.0,2753.0,2714.8571428571427,2730.9541426861542,Local
Onion,Nashik,2026-06-04,2740.0,2803.0,2770.333333333333,2732.285714285714,2799.617074919559,Local
Onion,Nashik,2026-06-05,2732.0,2740.0,2762.0,2744.428571428572,2700.655405266545,Local
Onion,Nashik,2026-06-06,2776.0,2732.0,2758.333333333333,2750.1428571428573,2720.945132140798,Local
Onion,Nashik,2026-06-07,2815.0,2776.0,2749.333333333333,2758.5714285714284,2752.0002358863276,Local
Onion,Nashik,2026-06-08,2820.0,2815.0,2774.333333333333,2767.714285714286,2781.7568500141933,Local
Onion,Nashik,2026-06-09,2801.0,2820.0,2803.6666666666665,2775.5714285714284,2788.1364276108798,Local
Onion,Nashik,2026-06-10,2817.0,2801.0,2812.0,2783.8571428571427,2772.73216405946,Local
Onion,Nashik,2026-06-11,2797.0,2817.0,2812.6666666666665,2785.8571428571427,2794.3499961847992,Local
Onion,Nashik,2026-06-12,2803.0,2797.0,2805.0,2794.0,2755.6760068298754,Local
Onion,Nashik,2026-06-13,2824.0,2803.0,2805.6666666666665,2804.1428571428573,2768.791815938108,Local
Onion,Nashik,2026-06-14,2811.0,2824.0,2808.0,2811.0,2785.350988140912,Local
Onion,Nashik,2026-06-15,2806.0,2811.0,2812.6666666666665,2810.428571428572,2763.919813923436,Local
Onion,Nashik,2026-06-16,2801.0,2806.0,2813.6666666666665,2808.428571428572,2767.7489864767267,Local
Onion,Nashik,2026-06-17,2782.0,2801.0,2806.0,2808.428571428572,2758.50135733746,Local
Onion,Nashik,2026-06-18,2770.0,2782.0,2796.333333333333,2803.428571428572,2738.6209766397515,Local
Onion,Nashik,2026-06-19,2763.0,2770.0,2784.333333333333,2799.5714285714284,2729.5560412825434,Local
Onion,Nashik,2026-06-20,2761.0,2763.0,2771.6666666666665,2793.8571428571427,2721.7158988905576,Local
Onion,Nashik,2026-06-21,2773.0,2761.0,2764.6666666666665,2784.8571428571427,2720.363806553505,Local
Onion,Nashik,2026-06-22,2761.0,2773.0,2765.6666666666665,2779.428571428572,2733.249776782206,Local
Onion,Nashik,2026-06-23,2752.0,2761.0,2765.0,2773.0,2720.8222442709375,Local
Onion,Nashik,2026-06-24,2767.0,2752.0,2762.0,2766.0,2718.576329585412,Local
Onion,Nashik,2026-06-25,2753.0,2767.0,2760.0,2763.8571428571427,2736.7503307887528,Local
Onion,Nashik,2026-06-26,2752.0,2753.0,2757.333333333333,2761.428571428572,2716.1156344079936,Local
Onion,Nashik,2026-06-27,2731.0,2752.0,2757.333333333333,2759.8571428571427,2722.601945747403,Local
Onion,Nashik,2026-06-28,2736.0,2731.0,2745.333333333333,2755.5714285714284,2698.7151378097333,Local
Onion,Nashik,2026-06-29,2803.0,2736.0,2739.6666666666665,2750.285714285714,2708.4078238225484,Local
Onion,Nashik,2026-06-30,2801.0,2803.0,2756.6666666666665,2756.285714285714,2777.263302382373,Local
Onion,Nashik,2026-07-01,2780.0,2801.0,2780.0,2763.285714285714,2759.8469842211925,Local
Onion,Nashik,2026-07-02,2824.0,2780.0,2794.6666666666665,2765.1428571428573,2753.605914061074,Local
Onion,Nashik,2026-07-03,2816.0,2824.0,2801.6666666666665,2775.285714285714,2806.101477533841,Local
Onion,Nashik,2026-07-04,2826.0,2816.0,2806.6666666666665,2784.428571428572,2775.560394017273,Local
Onion,Nashik,2026-07-05,2777.0,2826.0,2822.0,2798.0,2795.895525615444,Local
Onion,Nashik,2026-07-06,2776.0,2777.0,2806.333333333333,2803.8571428571427,2729.021428167791,Local
Onion,Nashik,2026-07-07,2741.0,2776.0,2793.0,2800.0,2745.039334044326,Local
Onion,Nashik,2026-07-08,2765.0,2741.0,2764.6666666666665,2791.428571428572,2692.0972998607613,Local
Onion,Nashik,2026-07-09,2756.0,2765.0,2760.6666666666665,2789.285714285714,2731.512899782989,Local
Onion,Nashik,2026-07-10,2750.0,2756.0,2754.0,2779.5714285714284,2711.5522889062704,Local
Onion,Nashik,2026-07-11,2742.0,2750.0,2757.0,2770.1428571428573,2719.4207132894517,Local
Onion,Pune,2026-05-31,2493.0,2481.0,2489.333333333333,2503.0,2490.8192413448633,Local
Onion,Pune,2026-06-01,2522.0,2493.0,2487.6666666666665,2496.8571428571427,2486.7880796567842,Local
Onion,Pune,2026-06-02,2516.0,2522.0,2498.6666666666665,2495.285714285714,2506.6781243732403,Local
Onion,Pune,2026-06-03,2528.0,2516.0,2510.333333333333,2498.714285714286,2501.5856033926757,Local
Onion,Pune,2026-06-04,2507.0,2528.0,2522.0,2503.8571428571427,2514.059237154179,Local
Onion,Pune,2026-06-05,2559.0,2507.0,2517.0,2505.1428571428573,2500.1137396478516,Local
Onion,Pune,2026-06-06,2610.0,2559.0,2531.333333333333,2515.1428571428573,2541.693059770325,Local
Onion,Pune,2026-06-07,2610.0,2610.0,2558.6666666666665,2533.5714285714284,2573.983568765165,Local
Onion,Pune,2026-06-08,2554.0,2610.0,2593.0,2550.285714285714,2579.3256630752585,Local
Onion,Pune,2026-06-09,2593.0,2554.0,2591.333333333333,2554.8571428571427,2557.6063319249733,Local
Onion,Pune,2026-06-10,2582.0,2593.0,2585.6666666666665,2565.8571428571427,2571.089625366032,Local
Onion,Pune,2026-06-12,2557.0,2582.0,2576.333333333333,2573.5714285714284,2566.219458705993,Local
Onion,Pune,2026-06-13,2568.0,2557.0,2577.333333333333,2580.714285714286,2554.1292604053597,Local
Onion,Pune,2026-06-14,2579.0,2568.0,2569.0,2582.0,2558.8772567324413,Local
Onion,Pune,2026-06-15,2580.0,2579.0,2568.0,2577.5714285714284,2557.195428906387,Local
Onion,Pune,2026-06-16,2598.0,2580.0,2575.6666666666665,2573.285714285714,2557.261545345311,Local
Onion,Pune,2026-06-17,2565.0,2598.0,2585.6666666666665,2579.5714285714284,2570.741979559236,Local
Onion,Pune,2026-06-18,2557.0,2565.0,2581.0,2575.5714285714284,2556.369470957892,Local
Onion,Pune,2026-06-19,2557.0,2557.0,2573.333333333333,2572.0,2547.8935024318125,Local
Onion,Pune,2026-06-20,2526.0,2557.0,2559.6666666666665,2572.0,2543.902262187301,Local
Onion,Pune,2026-06-21,2541.0,2526.0,2546.6666666666665,2566.0,2525.316675501752,Local
Onion,Pune,2026-06-22,2530.0,2541.0,2541.333333333333,2560.5714285714284,2526.5844362222488,Local
Onion,Pune,2026-06-23,2529.0,2530.0,2532.333333333333,2553.428571428572,2519.7749832658737,Local
Onion,Pune,2026-06-24,2547.0,2529.0,2533.333333333333,2543.5714285714284,2517.587318029764,Local
Onion,Pune,2026-06-25,2543.0,2547.0,2535.333333333333,2541.0,2529.858739440322,Local
Onion,Pune,2026-06-26,2578.0,2543.0,2539.6666666666665,2539.0,2529.1098102454853,Local
Onion,Pune,2026-06-27,2563.0,2578.0,2556.0,2542.0,2554.7595992534116,Local
Onion,Pune,2026-06-28,2546.0,2563.0,2561.333333333333,2547.285714285714,2549.671644650829,Local
Onion,Pune,2026-06-29,2566.0,2546.0,2562.333333333333,2548.0,2533.6684063283683,Local
Onion,Pune,2026-06-30,2566.0,2566.0,2558.333333333333,2553.1428571428573,2544.6908899391638,Local
Onion,Pune,2026-07-01,2542.0,2566.0,2559.333333333333,2558.428571428572,2526.4997740943727,Local
Onion,Pune,2026-07-02,2532.0,2542.0,2558.0,2557.714285714286,2514.9273537435292,Local
Onion,Pune,2026-07-03,2549.0,2532.0,2546.6666666666665,2556.1428571428573,2507.1802362521776,Local
Onion,Pune,2026-07-04,2590.0,2549.0,2541.0,2552.0,2517.6809179021875,Local
Onion,Pune,2026-07-05,2592.0,2590.0,2557.0,2555.8571428571427,2545.3772466273876,Local
Onion,Pune,2026-07-06,2588.0,2592.0,2577.0,2562.428571428572,2546.7364181468365,Local
Onion,Pune,2026-07-07,2611.0,2588.0,2590.0,2565.5714285714284,2549.4811903394293,Local
Onion,Pune,2026-07-08,2579.0,2611.0,2597.0,2572.0,2562.79552013777,Local
Onion,Pune,2026-07-09,2588.0,2579.0,2592.6666666666665,2577.285714285714,2551.612085506844,Local
Onion,Pune,2026-07-10,2523.0,2588.0,2592.6666666666665,2585.285714285714,2550.6965838640826,Local
Onion,Pune,2026-07-11,2528.0,2523.0,2563.333333333333,2581.5714285714284,2517.1902991283714,Local
Onion,Sangli,2026-06-01,2533.0,2520.0,2544.333333333333,2555.0,2521.994492094964,Local
Onion,Sangli,2026-06-02,2530.0,2533.0,2532.6666666666665,2548.8571428571427,2532.5688635597326,Local
Onion,Sangli,2026-06-03,2504.0,2530.0,2527.6666666666665,2542.428571428572,2530.383180035162,Local
Onion,Sangli,2026-06-04,2487.0,2504.0,2522.333333333333,2537.0,2512.4800194920244,Local
Onion,Sangli,2026-06-05,2492.0,2487.0,2507.0,2526.714285714286,2495.9436987509107,Local
Onion,Sangli,2026-06-06,2507.0,2492.0,2494.333333333333,2515.8571428571427,2501.1142948276392,Local
Onion,Sangli,2026-06-07,2526.0,2507.0,2495.333333333333,2510.428571428572,2516.551687571293,Local
Onion,Sangli,2026-06-08,2488.0,2526.0,2508.333333333333,2511.285714285714,2535.191662839279,Local
Onion,Sangli,2026-06-09,2523.0,2488.0,2507.0,2504.8571428571427,2506.165554489038,Local
Onion,Sangli,2026-06-10,2537.0,2523.0,2512.333333333333,2503.8571428571427,2533.696069535057,Local
Onion,Sangli,2026-06-11,2545.0,2537.0,2516.0,2508.5714285714284,2545.4682417104777,Local
Onion,Sangli,2026-06-12,2505.0,2545.0,2535.0,2516.8571428571427,2557.366812925058,Local
Onion,Sangli,2026-06-13,2510.0,2505.0,2529.0,2518.714285714286,2523.1019981065765,Local
Onion,Sangli,2026-06-14,2494.0,2510.0,2520.0,2519.1428571428573,2524.186847005476,Local
Onion,Sangli,2026-06-15,2467.0,2494.0,2503.0,2514.5714285714284,2498.2246611942683,Local
Onion,Sangli,2026-06-16,2466.0,2467.0,2490.333333333333,2511.5714285714284,2475.9150042553083,Local
Onion,Sangli,2026-06-17,2503.0,2466.0,2475.6666666666665,2503.428571428572,2474.7727467040095,Local
Onion,Sangli,2026-06-18,2477.0,2503.0,2478.6666666666665,2498.5714285714284,2514.6265918812423,Local
Onion,Sangli,2026-06-19,2473.0,2477.0,2482.0,2488.8571428571427,2493.9762931906735,Local
Onion,Sangli,2026-06-20,2438.0,2473.0,2484.333333333333,2484.285714285714,2494.0629927187256,Local
Onion,Sangli,2026-06-21,2452.0,2438.0,2462.6666666666665,2474.0,2458.9729362833605,Local
Onion,Sangli,2026-06-22,2437.0,2452.0,2454.333333333333,2468.0,2462.6505333022506,Local
Onion,Sangli,2026-06-23,2415.0,2437.0,2442.333333333333,2463.714285714286,2449.2891327576945,Local
Onion,Sangli,2026-06-24,2422.0,2415.0,2434.6666666666665,2456.428571428572,2436.0004762278986,Local
Onion,Sangli,2026-06-25,2421.0,2422.0,2424.6666666666665,2444.8571428571427,2444.0208315487107,Local
Onion,Sangli,2026-06-26,2406.0,2421.0,2419.333333333333,2436.8571428571427,2445.121915596712,Local
Onion,Sangli,2026-06-27,2425.0,2406.0,2416.333333333333,2427.285714285714,2431.2289119864436,Local
Onion,Sangli,2026-06-28,2384.0,2425.0,2417.333333333333,2425.428571428572,2454.253295965944,Local
Onion,Sangli,2026-06-29,2397.0,2384.0,2405.0,2415.714285714286,2408.4975608983223,Local
Onion,Sangli,2026-06-30,2357.0,2397.0,2402.0,2410.0,2421.5393188554444,Local
Onion,Sangli,2026-07-01,2358.0,2357.0,2379.333333333333,2401.714285714286,2367.625161933902,Local
Onion,Sangli,2026-07-02,2356.0,2358.0,2370.6666666666665,2392.5714285714284,2371.441224576236,Local
Onion,Sangli,2026-07-03,2326.0,2356.0,2357.0,2383.285714285714,2369.0308676155983,Local
Onion,Sangli,2026-07-04,2351.0,2326.0,2346.6666666666665,2371.8571428571427,2343.192836311835,Local
Onion,Sangli,2026-07-05,2337.0,2351.0,2344.333333333333,2361.285714285714,2372.6322459845833,Local
Onion,Sangli,2026-07-06,2275.0,2337.0,2338.0,2354.5714285714284,2356.1368089383905,Local
Onion,Sangli,2026-07-07,2255.0,2275.0,2321.0,2337.1428571428573,2289.3066622545302,Local
Onion,Sangli,2026-07-08,2264.0,2255.0,2289.0,2322.5714285714284,2269.9949414245348,Local
Onion,Sangli,2026-07-09,2249.0,2264.0,2264.6666666666665,2309.1428571428573,2283.079952366679,Local
Onion,Sangli,2026-07-10,2278.0,2249.0,2256.0,2293.8571428571427,2266.7763589196984,Local
Onion,Sangli,2026-07-11,2285.0,2278.0,2263.6666666666665,2287.0,2313.522250418813,Local
Onion,Satara,2026-06-02,2332.0,2321.0,2325.6666666666665,2309.1428571428573,2296.8498003265972,Local
Onion,Satara,2026-06-03,2354.0,2332.0,2327.6666666666665,2308.714285714286,2315.8171500361186,Local
Onion,Satara,2026-06-04,2355.0,2354.0,2335.6666666666665,2321.714285714286,2333.9752752378886,Local
Onion,Satara,2026-06-05,2337.0,2355.0,2347.0,2330.714285714286,2338.710738424727,Local
Onion,Satara,2026-06-06,2321.0,2337.0,2348.6666666666665,2336.428571428572,2317.1208164663617,Local
Onion,Satara,2026-06-07,2301.0,2321.0,2337.6666666666665,2335.714285714286,2303.502912094697,Local
Onion,Satara,2026-06-08,2309.0,2301.0,2319.6666666666665,2331.5714285714284,2284.413102932935,Local
Onion,Satara,2026-06-09,2302.0,2309.0,2310.333333333333,2329.8571428571427,2291.718228262123,Local
Onion,Satara,2026-06-10,2324.0,2302.0,2304.0,2325.5714285714284,2290.749008825878,Local
Onion,Satara,2026-06-11,2322.0,2324.0,2311.6666666666665,2321.285714285714,2307.1105018557905,Local
Onion,Satara,2026-06-12,2312.0,2322.0,2316.0,2316.5714285714284,2309.4897222521895,Local
Onion,Satara,2026-06-13,2341.0,2312.0,2319.333333333333,2313.0,2298.7139311325755,Local
Onion,Satara,2026-06-14,2364.0,2341.0,2325.0,2315.8571428571427,2328.815272286527,Local
Onion,Satara,2026-06-15,2347.0,2364.0,2339.0,2324.8571428571427,2347.5858261613307,Local
Onion,Satara,2026-06-16,2349.0,2347.0,2350.6666666666665,2330.285714285714,2334.3294774401948,Local
Onion,Satara,2026-06-17,2370.0,2349.0,2353.333333333333,2337.0,2328.0617353483403,Local
Onion,Satara,2026-06-18,2361.0,2370.0,2355.333333333333,2343.5714285714284,2351.383420199334,Local
Onion,Satara,2026-06-19,2351.0,2361.0,2360.0,2349.1428571428573,2349.675145221111,Local
Onion,Satara,2026-06-20,2403.0,2351.0,2360.6666666666665,2354.714285714286,2333.6934928436012,Local
Onion,Satara,2026-06-21,2376.0,2403.0,2371.6666666666665,2363.5714285714284,2379.998556288057,Local
Onion,Satara,2026-06-22,2374.0,2376.0,2376.6666666666665,2365.285714285714,2363.974908109735,Local
Onion,Satara,2026-06-23,2386.0,2374.0,2384.333333333333,2369.1428571428573,2352.881579386151,Local
Onion,Satara,2026-06-24,2381.0,2386.0,2378.6666666666665,2374.428571428572,2365.7293486973263,Local
Onion,Satara,2026-06-25,2406.0,2381.0,2380.333333333333,2376.0,2367.665765629238,Local
Onion,Satara,2026-06-26,2420.0,2406.0,2391.0,2382.428571428572,2390.65504253119,Local
Onion,Satara,2026-06-27,2428.0,2420.0,2402.333333333333,2392.285714285714,2400.3585874957944,Local
Onion,Satara,2026-06-28,2432.0,2428.0,2418.0,2395.8571428571427,2411.866498922128,Local
Onion,Satara,2026-06-29,2465.0,2432.0,2426.6666666666665,2403.8571428571427,2411.6079628603507,Local
Onion,Satara,2026-06-30,2412.0,2465.0,2441.6666666666665,2416.8571428571427,2439.7511720366183,Local
Onion,Satara,2026-07-01,2397.0,2412.0,2436.333333333333,2420.5714285714284,2418.0692698756075,Local
Onion,Satara,2026-07-02,2418.0,2397.0,2424.6666666666665,2422.8571428571427,2389.0637288721323,Local
Onion,Satara,2026-07-03,2432.0,2418.0,2409.0,2424.5714285714284,2412.444452646226,Local
Onion,Satara,2026-07-04,2472.0,2432.0,2415.6666666666665,2426.285714285714,2427.9544722236164,Local
Onion,Satara,2026-07-05,2464.0,2472.0,2440.6666666666665,2432.5714285714284,2461.205123603631,Local
Onion,Satara,2026-07-06,2474.0,2464.0,2456.0,2437.1428571428573,2452.045206918107,Local
Onion,Satara,2026-07-07,2474.0,2474.0,2470.0,2438.428571428572,2462.3696630472928,Local
Onion,Satara,2026-07-08,2462.0,2474.0,2470.6666666666665,2447.285714285714,2472.3405021887593,Local
Onion,Satara,2026-07-09,2467.0,2462.0,2470.0,2456.5714285714284,2460.0722988755156,Local
Onion,Satara,2026-07-10,2489.0,2467.0,2467.6666666666665,2463.5714285714284,2459.9775492054687,Local
Onion,Satara,2026-07-11,2455.0,2489.0,2472.6666666666665,2471.714285714286,2473.90840314996,Local
Potato,Nashik,2026-06-14,1010.0,1002.0,1036.3333333333333,1036.571428571429,1051.0819828926324,Local
Potato,Nashik,2026-06-15,1009.0,1010.0,1020.3333333333334,1028.428571428571,1041.4989358228154,Local
Potato,Nashik,2026-06-16,1004.0,1009.0,1007.0,1025.571428571429,1054.970468845927,Local
Potato,Nashik,2026-06-17,978.0,1004.0,1007.6666666666666,1025.857142857143,1043.677235503612,Local
Potato,Nashik,2026-06-18,985.0,978.0,997.0,1015.7142857142856,1023.1087448837513,Local
Potato,Nashik,2026-06-19,964.0,985.0,989.0,1005.2857142857144,1029.940603621399,Local
Potato,Nashik,2026-06-20,930.0,964.0,975.6666666666666,993.1428571428572,1031.9120126640073,Local
Potato,Nashik,2026-06-21,940.0,930.0,959.6666666666666,982.8571428571428,995.7727956059601,Local
Potato,Nashik,2026-06-22,956.0,940.0,944.6666666666666,972.8571428571428,980.1024305895572,Local
Potato,Nashik,2026-06-24,928.0,956.0,942.0,965.2857142857144,998.6332957675975,Local
Potato,Nashik,2026-06-25,897.0,928.0,941.3333333333334,954.4285714285714,991.7921157101713,Local
Potato,Nashik,2026-06-26,894.0,897.0,927.0,942.8571428571428,963.5706504922083,Local
Potato,Nashik,2026-06-27,898.0,894.0,906.3333333333334,929.8571428571428,961.4499346133048,Local
Potato,Nashik,2026-06-28,933.0,898.0,896.3333333333334,920.4285714285714,967.2497357823961,Local
Potato,Nashik,2026-06-29,978.0,933.0,908.3333333333334,920.8571428571428,975.9220649789643,Local
Potato,Nashik,2026-06-30,1034.0,978.0,936.3333333333334,926.2857142857144,1007.7979349399096,Local
Potato,Nashik,2026-07-01,1035.0,1034.0,981.6666666666666,937.4285714285714,1049.1162064792702,Local
Potato,Nashik,2026-07-02,1068.0,1035.0,1015.6666666666666,952.7142857142856,1059.0364283644067,Local
Potato,Nashik,2026-07-03,1051.0,1068.0,1045.6666666666667,977.1428571428572,1076.167352057255,Local
Potato,Nashik,2026-07-04,1050.0,1051.0,1051.3333333333333,999.5714285714286,1070.0640833169414,Local
Potato,Nashik,2026-07-05,1071.0,1050.0,1056.3333333333333,1021.2857142857144,1058.426277216492,Local
Potato,Nashik,2026-07-06,1027.0,1071.0,1057.3333333333333,1041.0,1053.9949321797067,Local
Potato,Nashik,2026-07-07,1034.0,1027.0,1049.3333333333333,1048.0,1028.556872182715,Local
Potato,Nashik,2026-07-08,1011.0,1034.0,1044.0,1048.0,1027.8954781539896,Local
Potato,Nashik,2026-07-09,985.0,1011.0,1024.0,1044.571428571429,1023.2322686262669,Local
Potato,Nashik,2026-07-10,1007.0,985.0,1010.0,1032.7142857142858,1011.9805199818132,Local
Potato,Nashik,2026-07-11,1020.0,1007.0,1001.0,1026.428571428571,1030.6724295640922,Local
Potato,Pune,2026-06-15,595.0,607.0,610.0,645.1428571428571,604.841593935749,Local
Potato,Pune,2026-06-16,611.0,595.0,599.3333333333334,633.2857142857143,602.3572036239633,Local
Potato,Pune,2026-06-17,554.0,611.0,604.3333333333334,621.0,613.0927383055424,Local
Potato,Pune,2026-06-18,531.0,554.0,586.6666666666666,602.0,560.7948788854276,Local
Potato,Pune,2026-06-19,513.0,531.0,565.3333333333334,588.7142857142857,531.3614312800357,Local
Potato,Pune,2026-06-20,500.0,513.0,532.6666666666666,572.4285714285714,522.6067938564943,Local
Potato,Pune,2026-06-21,463.0,500.0,514.6666666666666,558.7142857142857,518.3585849364237,Local
Potato,Pune,2026-06-22,459.0,463.0,492.0,538.1428571428571,471.30711270040297,Local
Potato,Pune,2026-06-23,460.0,459.0,474.0,518.7142857142857,470.96442680140945,Local
Potato,Pune,2026-06-24,477.0,460.0,460.6666666666667,497.1428571428572,471.63730610277594,Local
Potato,Pune,2026-06-25,520.0,477.0,465.3333333333333,486.1428571428572,491.2881361534104,Local
Potato,Pune,2026-06-26,520.0,520.0,485.6666666666667,484.57142857142856,532.8109791390831,Local
Potato,Pune,2026-06-27,476.0,520.0,505.6666666666667,485.57142857142856,532.1170920566559,Local
Potato,Pune,2026-06-28,465.0,476.0,505.3333333333333,482.1428571428572,470.33561166158097,Local
Potato,Pune,2026-06-29,471.0,465.0,487.0,482.4285714285714,451.74095574916555,Local
Potato,Pune,2026-06-30,470.0,471.0,470.6666666666667,484.1428571428572,472.9110199124125,Local
Potato,Pune,2026-07-01,433.0,470.0,468.6666666666667,485.57142857142856,477.2424444767453,Local
Potato,Pune,2026-07-02,450.0,433.0,458.0,479.2857142857143,465.2306557361709,Local
Potato,Pune,2026-07-03,440.0,450.0,451.0,469.2857142857143,493.3663795300255,Local
Potato,Pune,2026-07-04,441.0,440.0,441.0,457.8571428571428,474.14567144859257,Local
Potato,Pune,2026-07-05,456.0,441.0,443.6666666666667,452.8571428571428,487.5081775503021,Local
Potato,Pune,2026-07-06,459.0,456.0,445.6666666666667,451.57142857142856,502.16986845805195,Local
Potato,Pune,2026-07-07,450.0,459.0,452.0,449.8571428571428,503.96317255483734,Local
Potato,Pune,2026-07-08,506.0,450.0,455.0,447.0,460.03746512935686,Local
Potato,Pune,2026-07-09,502.0,506.0,471.6666666666667,457.4285714285714,515.1685774990975,Local
Potato,Pune,2026-07-10,511.0,502.0,486.0,464.8571428571428,510.391742972762,Local
Potato,Pune,2026-07-11,472.0,511.0,506.3333333333333,475.0,529.886522933255,Local
Potato,Satara,2026-06-15,661.0,733.0,735.3333333333334,744.8571428571429,745.4765315603923,Local
Potato,Satara,2026-06-16,654.0,661.0,707.6666666666666,730.4285714285714,690.6038388992824,Local
Potato,Satara,2026-06-17,663.0,654.0,682.6666666666666,720.1428571428571,682.0834090941249,Local
Potato,Satara,2026-06-18,636.0,663.0,659.3333333333334,707.5714285714286,679.2694750746415,Local
Potato,Satara,2026-06-19,626.0,636.0,651.0,688.5714285714286,656.5134693717312,Local
Potato,Satara,2026-06-20,639.0,626.0,641.6666666666666,671.7142857142857,648.9914947375186,Local
Potato,Satara,2026-06-21,678.0,639.0,633.6666666666666,658.8571428571429,652.7156521873349,Local
Potato,Satara,2026-06-22,647.0,678.0,647.6666666666666,651.0,688.9828637035141,Local
Potato,Satara,2026-06-23,659.0,647.0,654.6666666666666,649.0,665.9189960702284,Local
Potato,Satara,2026-06-24,696.0,659.0,661.3333333333334,649.7142857142857,681.3239457217815,Local
Potato,Satara,2026-06-25,659.0,696.0,667.3333333333334,654.4285714285714,706.7109862566086,Local
Potato,Satara,2026-06-26,691.0,659.0,671.3333333333334,657.7142857142857,682.4748673995931,Local
Potato,Satara,2026-06-27,684.0,691.0,682.0,667.0,710.4217680209764,Local
Potato,Satara,2026-06-28,647.0,684.0,678.0,673.4285714285714,699.8799114653516,Local
Potato,Satara,2026-06-29,690.0,647.0,674.0,669.0,674.1275953421358,Local
Potato,Satara,2026-06-30,694.0,690.0,673.6666666666666,675.1428571428571,702.1203829057436,Local
Potato,Satara,2026-07-01,673.0,694.0,677.0,680.1428571428571,733.2868475500469,Local
Potato,Satara,2026-07-02,662.0,673.0,685.6666666666666,676.8571428571429,720.7584010223187,Local
Potato,Satara,2026-07-03,660.0,662.0,676.3333333333334,677.2857142857143,708.1815114781051,Local
Potato,Satara,2026-07-04,694.0,660.0,665.0,672.8571428571429,704.3208324979233,Local
Potato,Satara,2026-07-05,702.0,694.0,672.0,674.2857142857143,732.0799037738601,Local
Potato,Satara,2026-07-06,720.0,702.0,685.3333333333334,682.1428571428571,729.531350989003,Local
Potato,Satara,2026-07-07,733.0,720.0,705.3333333333334,686.4285714285714,742.3375435082638,Local
Potato,Satara,2026-07-08,713.0,733.0,718.3333333333334,692.0,754.4610726180766,Local
Potato,Satara,2026-07-09,737.0,713.0,722.0,697.7142857142857,738.3802404621296,Local
Potato,Satara,2026-07-10,722.0,737.0,727.6666666666666,708.4285714285714,761.7131061760311,Local
Potato,Satara,2026-07-11,691.0,722.0,724.0,717.2857142857143,746.5205490359796,Local
Soybean,Kolhapur,2026-06-13,4269.0,4199.0,4155.666666666667,4147.571428571428,4229.252971082209,Yellow
Soybean,Kolhapur,2026-06-14,4280.0,4269.0,4203.0,4176.714285714285,4293.823715454369,Yellow
Soybean,Kolhapur,2026-06-15,4211.0,4280.0,4249.333333333333,4192.571428571428,4268.486233040538,Yellow
Soybean,Kolhapur,2026-06-16,4250.0,4211.0,4253.333333333333,4197.285714285715,4191.762510721652,Yellow
Soybean,Kolhapur,2026-06-17,4234.0,4250.0,4247.0,4211.0,4258.0893871192475,Yellow
Soybean,Kolhapur,2026-06-18,4217.0,4234.0,4231.666666666667,4226.285714285715,4237.079502991564,Yellow
Soybean,Kolhapur,2026-06-19,4195.0,4217.0,4233.666666666667,4237.142857142857,4225.82697618288,Yellow
Soybean,Kolhapur,2026-06-20,4291.0,4195.0,4215.333333333333,4236.571428571428,4210.575744959102,Yellow
Soybean,Kolhapur,2026-06-21,4379.0,4291.0,4234.333333333333,4239.714285714285,4322.991897145204,Yellow
Soybean,Kolhapur,2026-06-22,4340.0,4379.0,4288.333333333333,4253.857142857143,4391.243076666596,Yellow
Soybean,Kolhapur,2026-06-23,4320.0,4340.0,4336.666666666667,4272.285714285715,4320.763813999794,Yellow
Soybean,Kolhapur,2026-06-25,4209.0,4320.0,4346.333333333333,4282.285714285715,4318.502178007644,Yellow
Soybean,Kolhapur,2026-06-26,4332.0,4209.0,4289.666666666667,4278.714285714285,4200.6178155263115,Yellow
Soybean,Kolhapur,2026-06-27,4341.0,4332.0,4287.0,4295.142857142857,4371.392023817478,Yellow
Soybean,Kolhapur,2026-06-28,4393.0,4341.0,4294.0,4316.0,4352.214482935717,Yellow
Soybean,Kolhapur,2026-06-29,4441.0,4393.0,4355.333333333333,4330.571428571428,4390.354769355251,Yellow
Soybean,Kolhapur,2026-06-30,4613.0,4441.0,4391.666666666667,4339.428571428572,4442.7142407779265,Yellow
Soybean,Kolhapur,2026-07-01,4559.0,4613.0,4482.333333333333,4378.428571428572,4586.781940003462,Yellow
Soybean,Kolhapur,2026-07-02,4524.0,4559.0,4537.666666666667,4412.571428571428,4452.764333920094,Yellow
Soybean,Kolhapur,2026-07-03,4548.0,4524.0,4565.333333333333,4457.571428571428,4426.699371328013,Yellow
Soybean,Kolhapur,2026-07-04,4469.0,4548.0,4543.666666666667,4488.428571428572,4479.7428154743975,Yellow
Soybean,Kolhapur,2026-07-05,4454.0,4469.0,4513.666666666667,4506.714285714285,4363.780914143293,Yellow
Soybean,Kolhapur,2026-07-06,4525.0,4454.0,4490.333333333333,4515.428571428572,4357.728802309789,Yellow
Soybean,Kolhapur,2026-07-07,4425.0,4525.0,4482.666666666667,4527.428571428572,4459.70041172659,Yellow
Soybean,Kolhapur,2026-07-08,4354.0,4425.0,4468.0,4500.571428571428,4314.042622761848,Yellow
Soybean,Kolhapur,2026-07-09,4293.0,4354.0,4434.666666666667,4471.285714285715,4285.266918533898,Yellow
Soybean,Kolhapur,2026-07-10,4373.0,4293.0,4357.333333333333,4438.285714285715,4246.909289298403,Yellow
Soybean,Kolhapur,2026-07-11,4366.0,4373.0,4340.0,4413.285714285715,4370.0676340184,Yellow
Soybean,Satara,2026-06-13,4388.0,4257.0,4255.0,4294.0,4265.92913769068,Yellow
Soybean,Satara,2026-06-14,4265.0,4388.0,4309.333333333333,4303.857142857143,4372.255229665878,Yellow
Soybean,Satara,2026-06-15,4231.0,4265.0,4303.333333333333,4293.142857142857,4246.964374834728,Yellow
Soybean,Satara,2026-06-16,4285.0,4231.0,4294.666666666667,4281.857142857143,4183.628651715382,Yellow
Soybean,Satara,2026-06-17,4226.0,4285.0,4260.333333333333,4276.285714285715,4262.885270580231,Yellow
Soybean,Satara,2026-06-18,4216.0,4226.0,4247.333333333333,4276.428571428572,4204.641312124551,Yellow
Soybean,Satara,2026-06-19,4296.0,4216.0,4242.333333333333,4266.857142857143,4197.030472113422,Yellow
Soybean,Satara,2026-06-20,4499.0,4296.0,4246.0,4272.428571428572,4248.859011578587,Yellow
Soybean,Satara,2026-06-21,4539.0,4499.0,4337.0,4288.285714285715,4470.181674204731,Yellow
Soybean,Satara,2026-06-22,4427.0,4539.0,4444.666666666667,4327.428571428572,4512.532807868411,Yellow
Soybean,Satara,2026-06-23,4365.0,4427.0,4488.333333333333,4355.428571428572,4365.336170040013,Yellow
Soybean,Satara,2026-06-24,4346.0,4365.0,4443.666666666667,4366.857142857143,4348.672696659451,Yellow
Soybean,Satara,2026-06-25,4362.0,4346.0,4379.333333333333,4384.0,4345.015115527049,Yellow
Soybean,Satara,2026-06-26,4229.0,4362.0,4357.666666666667,4404.857142857143,4353.149808669906,Yellow
Soybean,Satara,2026-06-27,4217.0,4229.0,4312.333333333333,4395.285714285715,4168.329726007875,Yellow
Soybean,Satara,2026-06-28,4128.0,4217.0,4269.333333333333,4355.0,4166.2039939578135,Yellow
Soybean,Satara,2026-06-29,4192.0,4128.0,4191.333333333333,4296.285714285715,4114.607038051636,Yellow
Soybean,Satara,2026-06-30,4125.0,4192.0,4179.0,4262.714285714285,4162.817350716132,Yellow
Soybean,Satara,2026-07-01,4147.0,4125.0,4148.333333333333,4228.428571428572,4172.8576365173285,Yellow
Soybean,Satara,2026-07-02,4095.0,4147.0,4154.666666666667,4200.0,4171.062119805782,Yellow
Soybean,Satara,2026-07-03,4163.0,4095.0,4122.333333333333,4161.857142857143,4147.96253669763,Yellow
Soybean,Satara,2026-07-04,4103.0,4163.0,4135.0,4152.428571428572,4160.254500003094,Yellow
Soybean,Satara,2026-07-05,4160.0,4103.0,4120.333333333333,4136.142857142857,4131.681512658168,Yellow
Soybean,Satara,2026-07-06,4155.0,4160.0,4142.0,4140.714285714285,4140.695222130982,Yellow
Soybean,Satara,2026-07-07,4287.0,4155.0,4139.333333333333,4135.428571428572,4169.287136782218,Yellow
Soybean,Satara,2026-07-08,4406.0,4287.0,4200.666666666667,4158.571428571428,4273.07071933113,Yellow
Soybean,Satara,2026-07-09,4428.0,4406.0,4282.666666666667,4195.571428571428,4412.477425534522,Yellow
Soybean,Satara,2026-07-10,4385.0,4428.0,4373.666666666667,4243.142857142857,4434.109289217018,Yellow
Soybean,Satara,2026-07-11,4393.0,4385.0,4406.333333333333,4274.857142857143,4403.851239546007,Yellow
Tomato,Kolhapur,2026-06-04,1534.0,1604.0,1617.3333333333333,1591.2857142857142,1563.7949012261863,Hybrid
Tomato,Kolhapur,2026-06-05,1465.0,1534.0,1597.3333333333333,1589.142857142857,1509.9264092091241,Hybrid
Tomato,Kolhapur,2026-06-06,1300.0,1465.0,1534.3333333333333,1573.571428571429,1432.960783349572,Hybrid
Tomato,Kolhapur,2026-06-07,1190.0,1300.0,1433.0,1534.7142857142858,1267.0003119492894,Hybrid
Tomato,Kolhapur,2026-06-08,1176.0,1190.0,1318.3333333333333,1477.2857142857142,1143.9011915433273,Hybrid
Tomato,Kolhapur,2026-06-09,1147.0,1176.0,1222.0,1417.571428571429,1125.2324970791974,Hybrid
Tomato,Kolhapur,2026-06-10,1175.0,1147.0,1171.0,1345.142857142857,1089.0711424435756,Hybrid
Tomato,Kolhapur,2026-06-11,1096.0,1175.0,1166.0,1283.857142857143,1141.3698362007513,Hybrid
Tomato,Kolhapur,2026-06-12,1112.0,1096.0,1139.3333333333333,1221.2857142857142,1076.5441818164647,Hybrid
Tomato,Kolhapur,2026-06-13,1229.0,1112.0,1127.6666666666667,1170.857142857143,1124.2185227173334,Hybrid
Tomato,Kolhapur,2026-06-14,1253.0,1229.0,1145.6666666666667,1160.7142857142858,1236.347906929872,Hybrid
Tomato,Kolhapur,2026-06-15,1231.0,1253.0,1198.0,1169.7142857142858,1238.1031102326242,Hybrid
Tomato,Kolhapur,2026-06-16,1216.0,1231.0,1237.6666666666667,1177.571428571429,1219.8104368986399,Hybrid
Tomato,Kolhapur,2026-06-17,1235.0,1216.0,1233.3333333333333,1187.428571428571,1204.7186367105307,Hybrid
Tomato,Kolhapur,2026-06-18,1126.0,1235.0,1227.3333333333333,1196.0,1223.1388487428303,Hybrid
Tomato,Kolhapur,2026-06-19,1140.0,1126.0,1192.3333333333333,1200.2857142857142,1113.9621829722328,Hybrid
Tomato,Kolhapur,2026-06-20,1199.0,1140.0,1167.0,1204.2857142857142,1144.7503796860872,Hybrid
Tomato,Kolhapur,2026-06-21,1272.0,1199.0,1155.0,1200.0,1203.6954768302992,Hybrid
Tomato,Kolhapur,2026-06-22,1158.0,1272.0,1203.6666666666667,1202.7142857142858,1268.2083317245142,Hybrid
Tomato,Kolhapur,2026-06-23,997.0,1158.0,1209.6666666666667,1192.2857142857142,1168.6946243420211,Hybrid
Tomato,Kolhapur,2026-06-24,962.0,997.0,1142.3333333333333,1161.0,1018.1238775086088,Hybrid
Tomato,Kolhapur,2026-06-25,951.0,962.0,1039.0,1122.0,989.911362547426,Hybrid
Tomato,Kolhapur,2026-06-26,915.0,951.0,970.0,1097.0,961.5598827057822,Hybrid
Tomato,Kolhapur,2026-06-27,939.0,915.0,942.6666666666666,1064.857142857143,912.569215563283,Hybrid
Tomato,Kolhapur,2026-06-28,833.0,939.0,935.0,1027.7142857142858,943.4559490473741,Hybrid
Tomato,Kolhapur,2026-06-29,877.0,833.0,895.6666666666666,965.0,842.0057635715403,Hybrid
Tomato,Kolhapur,2026-07-01,1027.0,877.0,883.0,924.8571428571428,887.8453637902114,Hybrid
Tomato,Kolhapur,2026-07-02,940.0,1027.0,912.3333333333334,929.1428571428572,1020.541654840687,Hybrid
Tomato,Kolhapur,2026-07-03,904.0,940.0,948.0,926.0,940.1981981511575,Hybrid
Tomato,Kolhapur,2026-07-04,849.0,904.0,957.0,919.2857142857144,926.2302137733435,Hybrid
Tomato,Kolhapur,2026-07-05,785.0,849.0,897.6666666666666,909.8571428571428,854.1739493089351,Hybrid
Tomato,Kolhapur,2026-07-06,883.0,785.0,846.0,887.8571428571429,768.5179053238135,Hybrid
Tomato,Kolhapur,2026-07-07,841.0,883.0,839.0,895.0,871.5533575666594,Hybrid
Tomato,Kolhapur,2026-07-08,958.0,841.0,836.3333333333334,889.8571428571429,829.7709832395268,Hybrid
Tomato,Kolhapur,2026-07-09,858.0,958.0,894.0,880.0,977.152075436953,Hybrid
Tomato,Kolhapur,2026-07-10,733.0,858.0,885.6666666666666,868.2857142857143,870.1870062801434,Hybrid
Tomato,Kolhapur,2026-07-11,786.0,733.0,849.6666666666666,843.8571428571429,768.3918838546505,Hybrid
Tomato,Nashik,2026-06-04,2105.0,2241.0,2254.0,2332.714285714286,2257.6016744314284,Hybrid
Tomato,Nashik,2026-06-05,2086.0,2105.0,2190.0,2301.1428571428573,2096.4171712494453,Hybrid
Tomato,Nashik,2026-06-06,2183.0,2086.0,2144.0,2255.8571428571427,2102.932588857774,Hybrid
Tomato,Nashik,2026-06-07,2202.0,2183.0,2124.6666666666665,2217.285714285714,2200.9196610314993,Hybrid
Tomato,Nashik,2026-06-08,2245.0,2202.0,2157.0,2191.1428571428573,2202.5551213517383,Hybrid
Tomato,Nashik,2026-06-09,2088.0,2245.0,2210.0,2183.714285714286,2244.221140182425,Hybrid
Tomato,Nashik,2026-06-10,2111.0,2088.0,2178.333333333333,2164.285714285714,2071.046741268803,Hybrid
Tomato,Nashik,2026-06-11,2218.0,2111.0,2148.0,2145.714285714286,2120.128696379541,Hybrid
Tomato,Nashik,2026-06-12,2172.0,2218.0,2139.0,2161.8571428571427,2215.8053877150846,Hybrid
Tomato,Nashik,2026-06-13,2100.0,2172.0,2167.0,2174.1428571428573,2155.6299346535616,Hybrid
Tomato,Nashik,2026-06-14,2069.0,2100.0,2163.333333333333,2162.285714285714,2099.8217052499767,Hybrid
Tomato,Nashik,2026-06-15,2138.0,2069.0,2113.6666666666665,2143.285714285714,2085.202140274164,Hybrid
Tomato,Nashik,2026-06-16,1985.0,2138.0,2102.333333333333,2128.0,2159.4567794874392,Hybrid
Tomato,Nashik,2026-06-17,1934.0,1985.0,2064.0,2113.285714285714,1985.2851908104776,Hybrid
Tomato,Nashik,2026-06-18,1910.0,1934.0,2019.0,2088.0,1964.7790415485738,Hybrid
Tomato,Nashik,2026-06-19,1711.0,1910.0,1943.0,2044.0,1939.2139565666716,Hybrid
Tomato,Nashik,2026-06-20,1727.0,1711.0,1851.6666666666667,1978.142857142857,1728.3205216177607,Hybrid
Tomato,Nashik,2026-06-21,1831.0,1727.0,1782.6666666666667,1924.857142857143,1760.806883622102,Hybrid
Tomato,Nashik,2026-06-22,1669.0,1831.0,1756.3333333333333,1890.857142857143,1848.5728970364828,Hybrid
Tomato,Nashik,2026-06-23,1644.0,1669.0,1742.3333333333333,1823.857142857143,1689.4819001076985,Hybrid
Tomato,Nashik,2026-06-24,1627.0,1644.0,1714.6666666666667,1775.142857142857,1686.1436275056608,Hybrid
Tomato,Nashik,2026-06-25,1492.0,1627.0,1646.6666666666667,1731.2857142857142,1661.637336219795,Hybrid
Tomato,Nashik,2026-06-26,1380.0,1492.0,1587.6666666666667,1671.571428571429,1537.0632158710814,Hybrid
Tomato,Nashik,2026-06-27,1279.0,1380.0,1499.6666666666667,1624.2857142857142,1444.4549303369972,Hybrid
Tomato,Nashik,2026-06-28,1180.0,1279.0,1383.6666666666667,1560.2857142857142,1351.8397447775978,Hybrid
Tomato,Nashik,2026-06-29,1174.0,1180.0,1279.6666666666667,1467.2857142857142,1256.1652049347522,Hybrid
Tomato,Nashik,2026-07-01,1203.0,1174.0,1211.0,1396.571428571429,1246.8556628007564,Hybrid
Tomato,Nashik,2026-07-02,1150.0,1203.0,1185.6666666666667,1333.571428571429,1267.2742691470535,Hybrid
Tomato,Nashik,2026-07-03,1095.0,1150.0,1175.6666666666667,1265.428571428571,1242.6970351844068,Hybrid
Tomato,Nashik,2026-07-04,1170.0,1095.0,1149.3333333333333,1208.7142857142858,1216.1871064678971,Hybrid
Tomato,Nashik,2026-07-05,1172.0,1170.0,1138.3333333333333,1178.7142857142858,1265.5106156944048,Hybrid
Tomato,Nashik,2026-07-06,1053.0,1172.0,1145.6666666666667,1163.428571428571,1282.055195076533,Hybrid
Tomato,Nashik,2026-07-07,857.0,1053.0,1131.6666666666667,1145.2857142857142,1212.490218603327,Hybrid
Tomato,Nashik,2026-07-08,866.0,857.0,1027.3333333333333,1100.0,1060.887187805778,Hybrid
Tomato,Nashik,2026-07-10,901.0,866.0,925.3333333333334,1051.857142857143,1015.3921526567912,Hybrid
Tomato,Nashik,2026-07-11,967.0,901.0,874.6666666666666,1016.2857142857144,1035.1403985724155,Hybrid
Tomato,Pune,2026-06-06,428.0,300.0,309.6666666666667,415.8571428571428,290.4606200457433,Hybrid
Tomato,Pune,2026-06-07,391.0,428.0,342.6666666666667,402.7142857142857,412.54480931661294,Hybrid
Tomato,Pune,2026-06-08,418.0,391.0,373.0,387.57142857142856,337.54070792577494,Hybrid
Tomato,Pune,2026-06-09,396.0,418.0,412.3333333333333,381.4285714285714,381.03745721978055,Hybrid
Tomato,Pune,2026-06-10,382.0,396.0,401.6666666666667,366.0,341.45702279814054,Hybrid
Tomato,Pune,2026-06-11,365.0,382.0,398.6666666666667,373.57142857142856,332.5327084818483,Hybrid
Tomato,Pune,2026-06-12,360.0,365.0,381.0,382.8571428571428,315.14403981009565,Hybrid
Tomato,Pune,2026-06-13,381.0,360.0,369.0,391.4285714285714,321.0242717473053,Hybrid
Tomato,Pune,2026-06-14,460.0,381.0,368.6666666666667,384.7142857142857,339.7506781659578,Hybrid
Tomato,Pune,2026-06-15,353.0,460.0,400.3333333333333,394.57142857142856,405.09156598445725,Hybrid
Tomato,Pune,2026-06-16,406.0,353.0,398.0,385.2857142857143,290.2441082063356,Hybrid
Tomato,Pune,2026-06-17,461.0,406.0,406.3333333333333,386.7142857142857,370.3659785621842,Hybrid
Tomato,Pune,2026-06-18,583.0,461.0,406.6666666666667,398.0,397.307435963639,Hybrid
Tomato,Pune,2026-06-19,524.0,583.0,483.3333333333333,429.1428571428572,499.12700204881776,Hybrid
Tomato,Pune,2026-06-20,586.0,524.0,522.6666666666666,452.57142857142856,421.86414978477717,Hybrid
Tomato,Pune,2026-06-21,573.0,586.0,564.3333333333334,481.8571428571428,502.3987564282686,Hybrid
Tomato,Pune,2026-06-22,523.0,573.0,561.0,498.0,457.9309345282086,Hybrid
Tomato,Pune,2026-06-23,566.0,523.0,560.6666666666666,522.2857142857143,421.53875391613724,Hybrid
Tomato,Pune,2026-06-24,672.0,566.0,554.0,545.1428571428571,468.53424625755633,Hybrid
Tomato,Pune,2026-06-25,883.0,672.0,587.0,575.2857142857143,555.4586149254211,Hybrid
Tomato,Pune,2026-06-26,961.0,883.0,707.0,618.1428571428571,718.864181716214,Hybrid
Tomato,Pune,2026-06-27,1047.0,961.0,838.6666666666666,680.5714285714286,757.2606175532197,Hybrid
Tomato,Pune,2026-06-28,985.0,1047.0,963.6666666666666,746.4285714285714,828.0578686685417,Hybrid
Tomato,Pune,2026-06-29,863.0,985.0,997.6666666666666,805.2857142857143,754.9760686947698,Hybrid
Tomato,Pune,2026-06-30,877.0,863.0,965.0,853.8571428571429,656.5408145093543,Hybrid
Tomato,Pune,2026-07-01,830.0,877.0,908.3333333333334,898.2857142857143,630.2183220879533,Hybrid
Tomato,Pune,2026-07-02,718.0,830.0,856.6666666666666,920.8571428571428,575.4445751759974,Hybrid
Tomato,Pune,2026-07-03,739.0,718.0,808.3333333333334,897.2857142857143,483.83608701249864,Hybrid
Tomato,Pune,2026-07-04,677.0,739.0,762.3333333333334,865.5714285714286,509.85022979781934,Hybrid
Tomato,Pune,2026-07-05,764.0,677.0,711.3333333333334,812.7142857142857,432.09323564368754,Hybrid
Tomato,Pune,2026-07-06,688.0,764.0,726.6666666666666,781.1428571428571,504.54074359371646,Hybrid
Tomato,Pune,2026-07-07,730.0,688.0,709.6666666666666,756.1428571428571,410.72951006905566,Hybrid
Tomato,Pune,2026-07-08,661.0,730.0,727.3333333333334,735.1428571428571,459.51986623106893,Hybrid
Tomato,Pune,2026-07-09,806.0,661.0,693.0,711.0,379.3747159588097,Hybrid
Tomato,Pune,2026-07-10,732.0,806.0,732.3333333333334,723.5714285714286,527.5887028589767,Hybrid
Tomato,Pune,2026-07-11,622.0,732.0,733.0,722.5714285714286,434.8047345223672,Hybrid
Tomato,Sangli,2026-06-06,1495.0,1388.0,1368.3333333333333,1434.2857142857142,1374.6463611842357,Hybrid
Tomato,Sangli,2026-06-07,1625.0,1495.0,1419.3333333333333,1427.2857142857142,1479.793197489997,Hybrid
Tomato,Sangli,2026-06-08,1684.0,1625.0,1502.6666666666667,1460.428571428571,1601.1380499041502,Hybrid
Tomato,Sangli,2026-06-09,1859.0,1684.0,1601.3333333333333,1488.2857142857142,1666.8488499648547,Hybrid
Tomato,Sangli,2026-06-10,1880.0,1859.0,1722.6666666666667,1538.2857142857142,1848.5209127613682,Hybrid
Tomato,Sangli,2026-06-11,1938.0,1880.0,1807.6666666666667,1615.142857142857,1837.065444628398,Hybrid
Tomato,Sangli,2026-06-12,1856.0,1938.0,1892.3333333333333,1695.571428571429,1909.3067702548478,Hybrid
Tomato,Sangli,2026-06-13,1978.0,1856.0,1891.3333333333333,1762.428571428571,1811.232159774819,Hybrid
Tomato,Sangli,2026-06-14,1985.0,1978.0,1924.0,1831.4285714285716,1945.635726920606,Hybrid
Tomato,Sangli,2026-06-15,2035.0,1985.0,1939.6666666666667,1882.857142857143,1923.200098675053,Hybrid
Tomato,Sangli,2026-06-16,1894.0,2035.0,1999.3333333333333,1933.0,1985.1745761645989,Hybrid
Tomato,Sangli,2026-06-17,2029.0,1894.0,1971.3333333333333,1938.0,1870.023366882279,Hybrid
Tomato,Sangli,2026-06-18,2157.0,2029.0,1986.0,1959.2857142857144,2012.59921927512,Hybrid
Tomato,Sangli,2026-06-19,1933.0,2157.0,2026.6666666666667,1990.571428571429,2082.3283576661297,Hybrid
Tomato,Sangli,2026-06-20,1825.0,1933.0,2039.6666666666667,2001.571428571429,1876.8291645531453,Hybrid
Tomato,Sangli,2026-06-21,1728.0,1825.0,1971.6666666666667,1979.7142857142856,1819.013705592224,Hybrid
Tomato,Sangli,2026-06-22,1758.0,1728.0,1828.6666666666667,1943.0,1712.1765938371716,Hybrid
Tomato,Sangli,2026-06-23,1674.0,1758.0,1770.3333333333333,1903.4285714285716,1712.0278464773914,Hybrid
Tomato,Sangli,2026-06-24,1722.0,1674.0,1720.0,1872.0,1615.5728696236215,Hybrid
Tomato,Sangli,2026-06-25,1754.0,1722.0,1718.0,1828.142857142857,1672.4730296524638,Hybrid
Tomato,Sangli,2026-06-26,1942.0,1754.0,1716.6666666666667,1770.571428571429,1691.3727264324793,Hybrid
Tomato,Sangli,2026-06-27,1851.0,1942.0,1806.0,1771.857142857143,1856.8909609197524,Hybrid
Tomato,Sangli,2026-06-28,1846.0,1851.0,1849.0,1775.571428571429,1761.4787099685718,Hybrid
Tomato,Sangli,2026-06-29,1757.0,1846.0,1879.6666666666667,1792.428571428571,1815.1457514592894,Hybrid
Tomato,Sangli,2026-06-30,1775.0,1757.0,1818.0,1792.2857142857142,1721.9476396040811,Hybrid
Tomato,Sangli,2026-07-01,1694.0,1775.0,1792.6666666666667,1806.7142857142856,1704.8343224014793,Hybrid
Tomato,Sangli,2026-07-02,1694.0,1694.0,1742.0,1802.7142857142856,1597.64328705752,Hybrid
Tomato,Sangli,2026-07-03,1641.0,1694.0,1721.0,1794.142857142857,1624.1330033851577,Hybrid
Tomato,Sangli,2026-07-04,1784.0,1641.0,1676.3333333333333,1751.142857142857,1572.4153091813773,Hybrid
Tomato,Sangli,2026-07-05,1835.0,1784.0,1706.3333333333333,1741.571428571429,1712.2802195305608,Hybrid
Tomato,Sangli,2026-07-06,1881.0,1835.0,1753.3333333333333,1740.0,1752.2408325135107,Hybrid
Tomato,Sangli,2026-07-07,2042.0,1881.0,1833.3333333333333,1757.7142857142858,1825.1803017440757,Hybrid
Tomato,Sangli,2026-07-08,1950.0,2042.0,1919.3333333333333,1795.857142857143,1968.8938861426514,Hybrid
Tomato,Sangli,2026-07-09,2061.0,1950.0,1957.6666666666667,1832.4285714285716,1868.366283093966,Hybrid
Tomato,Sangli,2026-07-10,2122.0,2061.0,2017.6666666666667,1884.857142857143,1987.3909948404694,Hybrid
Tomato,Sangli,2026-07-11,2109.0,2122.0,2044.3333333333333,1953.571428571429,2006.3895386174065,Hybrid
Tomato,Satara,2026-06-04,1485.0,1491.0,1596.3333333333333,1654.857142857143,1481.8554084407647,Hybrid
Tomato,Satara,2026-06-05,1518.0,1485.0,1521.3333333333333,1626.142857142857,1486.7454710001387,Hybrid
Tomato,Satara,2026-06-06,1622.0,1518.0,1498.0,1592.428571428571,1517.463539253702,Hybrid
Tomato,Satara,2026-06-07,1710.0,1622.0,1541.6666666666667,1577.2857142857142,1604.3170389238524,Hybrid
Tomato,Satara,2026-06-08,1845.0,1710.0,1616.6666666666667,1589.142857142857,1644.0479601691713,Hybrid
Tomato,Satara,2026-06-09,1900.0,1845.0,1725.6666666666667,1608.428571428571,1757.5062111603168,Hybrid
Tomato,Satara,2026-06-10,1766.0,1900.0,1818.3333333333333,1653.0,1819.3239878621218,Hybrid
Tomato,Satara,2026-06-11,1748.0,1766.0,1837.0,1692.2857142857142,1717.9452865685973,Hybrid
Tomato,Satara,2026-06-12,1856.0,1748.0,1804.6666666666667,1729.857142857143,1698.5580065733832,Hybrid
Tomato,Satara,2026-06-13,1719.0,1856.0,1790.0,1778.142857142857,1799.813054083583,Hybrid
Tomato,Satara,2026-06-14,1681.0,1719.0,1774.3333333333333,1792.0,1703.69624050146,Hybrid
Tomato,Satara,2026-06-16,1501.0,1681.0,1752.0,1787.857142857143,1629.1420025359173,Hybrid
Tomato,Satara,2026-06-17,1567.0,1501.0,1633.6666666666667,1738.7142857142858,1495.3284894017913,Hybrid
Tomato,Satara,2026-06-18,1611.0,1567.0,1583.0,1691.142857142857,1531.2417869302028,Hybrid
Tomato,Satara,2026-06-19,1646.0,1611.0,1559.6666666666667,1669.0,1583.353908293598,Hybrid
Tomato,Satara,2026-06-20,1660.0,1646.0,1608.0,1654.428571428571,1613.106096564672,Hybrid
Tomato,Satara,2026-06-21,1630.0,1660.0,1639.0,1626.428571428571,1621.3821980656242,Hybrid
Tomato,Satara,2026-06-22,1561.0,1630.0,1645.3333333333333,1613.7142857142858,1557.131862662047,Hybrid
Tomato,Satara,2026-06-24,1715.0,1561.0,1617.0,1596.571428571429,1505.1383403660755,Hybrid
Tomato,Satara,2026-06-25,1612.0,1715.0,1635.3333333333333,1627.142857142857,1635.6716187869924,Hybrid
Tomato,Satara,2026-06-26,1462.0,1612.0,1629.3333333333333,1633.571428571429,1570.7733552390312,Hybrid
Tomato,Satara,2026-06-27,1507.0,1462.0,1596.3333333333333,1612.2857142857142,1440.9481572176842,Hybrid
Tomato,Satara,2026-06-28,1683.0,1507.0,1527.0,1592.428571428571,1479.6569852866357,Hybrid
Tomato,Satara,2026-06-29,1775.0,1683.0,1550.6666666666667,1595.7142857142858,1592.83589527435,Hybrid
Tomato,Satara,2026-06-30,1690.0,1775.0,1655.0,1616.428571428571,1680.6877124089647,Hybrid
Tomato,Satara,2026-07-01,1640.0,1690.0,1716.0,1634.857142857143,1575.8215185797426,Hybrid
Tomato,Satara,2026-07-02,1676.0,1640.0,1701.6666666666667,1624.142857142857,1530.0160276547815,Hybrid
Tomato,Satara,2026-07-03,1741.0,1676.0,1668.6666666666667,1633.2857142857142,1568.7681732361286,Hybrid
Tomato,Satara,2026-07-04,1768.0,1741.0,1685.6666666666667,1673.142857142857,1634.3512815872457,Hybrid
Tomato,Satara,2026-07-05,1694.0,1768.0,1728.3333333333333,1710.428571428571,1664.5784851410504,Hybrid
Tomato,Satara,2026-07-06,1647.0,1694.0,1734.3333333333333,1712.0,1566.9395982493388,Hybrid
Tomato,Satara,2026-07-07,1650.0,1647.0,1703.0,1693.7142857142858,1522.1652963063927,Hybrid
Tomato,Satara,2026-07-08,1552.0,1650.0,1663.6666666666667,1688.0,1535.8088361320245,Hybrid
Tomato,Satara,2026-07-09,1564.0,1552.0,1616.3333333333333,1675.428571428571,1465.4401799363502,Hybrid
Tomato,Satara,2026-07-10,1350.0,1564.0,1588.6666666666667,1659.428571428571,1467.3981612054451,Hybrid
Tomato,Satara,2026-07-11,1534.0,1350.0,1488.6666666666667,1603.571428571429,1311.4662422541105,Hybrid
Wheat,Kolhapur,2025-09-14,2567.0,2569.0,2588.6666666666665,2608.285714285714,2595.5294057321644,Lokwan
Wheat,Kolhapur,2025-09-15,2569.0,2567.0,2573.333333333333,2597.5714285714284,2595.245345896582,Lokwan
Wheat,Kolhapur,2025-09-17,2601.0,2569.0,2568.333333333333,2587.8571428571427,2587.159644546233,Lokwan
Wheat,Kolhapur,2025-09-18,2591.0,2601.0,2579.0,2587.8571428571427,2598.4762004290897,Lokwan
Wheat,Kolhapur,2025-09-19,2570.0,2591.0,2587.0,2584.8571428571427,2602.8117277358665,Lokwan
Wheat,Kolhapur,2025-09-20,2590.0,2570.0,2587.333333333333,2578.714285714286,2543.7408940026794,Lokwan
Wheat,Kolhapur,2025-09-21,2578.0,2590.0,2583.6666666666665,2579.5714285714284,2570.222850194418,Lokwan
Wheat,Kolhapur,2025-09-22,2551.0,2578.0,2579.333333333333,2580.8571428571427,2569.543562371836,Lokwan
Wheat,Kolhapur,2025-09-23,2527.0,2551.0,2573.0,2578.5714285714284,2551.098671212602,Lokwan
Wheat,Kolhapur,2025-09-24,2504.0,2527.0,2552.0,2572.5714285714284,2561.1227161921315,Lokwan
Wheat,Kolhapur,2025-09-25,2496.0,2504.0,2527.333333333333,2558.714285714286,2530.3267875926194,Lokwan
Wheat,Kolhapur,2025-09-26,2508.0,2496.0,2509.0,2545.1428571428573,2512.306982208039,Lokwan
Wheat,Kolhapur,2025-09-27,2506.0,2508.0,2502.6666666666665,2536.285714285714,2544.009739875887,Lokwan
Wheat,Kolhapur,2025-09-28,2541.0,2506.0,2503.333333333333,2524.285714285714,2546.2490219502083,Lokwan
Wheat,Kolhapur,2025-09-29,2496.0,2541.0,2518.333333333333,2519.0,2579.860678901871,Lokwan
Wheat,Kolhapur,2025-09-30,2500.0,2496.0,2514.333333333333,2511.1428571428573,2536.2005754645024,Lokwan
Wheat,Kolhapur,2025-10-01,2489.0,2500.0,2512.333333333333,2507.285714285714,2505.2092936900212,Lokwan
Wheat,Kolhapur,2025-10-02,2482.0,2489.0,2495.0,2505.1428571428573,2494.054377897075,Lokwan
Wheat,Kolhapur,2025-10-03,2487.0,2482.0,2490.333333333333,2503.1428571428573,2502.640777914421,Lokwan
Wheat,Kolhapur,2025-10-04,2504.0,2487.0,2486.0,2500.1428571428573,2493.6757073715107,Lokwan
Wheat,Pune,2025-09-14,2696.0,2672.0,2679.333333333333,2679.0,2674.812819440472,Lokwan
Wheat,Pune,2025-09-15,2679.0,2696.0,2681.6666666666665,2682.1428571428573,2690.322583948986,Lokwan
Wheat,Pune,2025-09-16,2676.0,2679.0,2682.333333333333,2682.714285714286,2668.270213231547,Lokwan
Wheat,Pune,2025-09-17,2685.0,2676.0,2683.6666666666665,2680.1428571428573,2670.6104798714487,Lokwan
Wheat,Pune,2025-09-18,2656.0,2685.0,2680.0,2682.0,2682.344368805787,Lokwan
Wheat,Pune,2025-09-19,2617.0,2656.0,2672.333333333333,2677.285714285714,2656.8756272894825,Lokwan
Wheat,Pune,2025-09-20,2588.0,2617.0,2652.6666666666665,2668.714285714286,2636.7477714907545,Lokwan
Wheat,Pune,2025-09-21,2570.0,2588.0,2620.333333333333,2656.714285714286,2629.391521123311,Lokwan
Wheat,Pune,2025-09-22,2581.0,2570.0,2591.6666666666665,2638.714285714286,2613.942976595782,Lokwan
Wheat,Pune,2025-09-23,2551.0,2581.0,2579.6666666666665,2624.714285714286,2625.5866884873417,Lokwan
Wheat,Pune,2025-09-24,2551.0,2551.0,2567.333333333333,2606.8571428571427,2601.397160188638,Lokwan
Wheat,Pune,2025-09-25,2528.0,2551.0,2561.0,2587.714285714286,2601.8223315499063,Lokwan
Wheat,Pune,2025-09-26,2530.0,2528.0,2543.333333333333,2569.428571428572,2582.260267518049,Lokwan
Wheat,Pune,2025-09-27,2549.0,2530.0,2536.333333333333,2557.0,2582.9277384690413,Lokwan
Wheat,Pune,2025-09-28,2513.0,2549.0,2535.6666666666665,2551.428571428572,2594.191346826197,Lokwan
Wheat,Pune,2025-09-29,2551.0,2513.0,2530.6666666666665,2543.285714285714,2554.1479631574366,Lokwan
Wheat,Pune,2025-09-30,2534.0,2551.0,2537.6666666666665,2539.0,2578.4767997646086,Lokwan
Wheat,Pune,2025-10-01,2536.0,2534.0,2532.6666666666665,2536.5714285714284,2569.3707096911844,Lokwan
Wheat,Pune,2025-10-02,2545.0,2536.0,2540.333333333333,2534.428571428572,2568.0609669016026,Lokwan
Wheat,Pune,2025-10-03,2523.0,2545.0,2538.333333333333,2536.8571428571427,2573.0537219745434,Lokwan
Wheat,Pune,2025-10-04,2508.0,2523.0,2534.6666666666665,2535.8571428571427,2558.1742780985064,Lokwan
Wheat,Satara,2025-09-14,2101.0,2098.0,2114.0,2120.5714285714284,2087.069469884273,Lokwan
Wheat,Satara,2025-09-15,2123.0,2101.0,2105.6666666666665,2113.0,2092.380979952231,Lokwan
Wheat,Satara,2025-09-16,2114.0,2123.0,2107.333333333333,2113.428571428572,2105.0321960791925,Lokwan
Wheat,Satara,2025-09-17,2097.0,2114.0,2112.6666666666665,2113.285714285714,2099.0998841408878,Lokwan
Wheat,Satara,2025-09-18,2111.0,2097.0,2111.333333333333,2111.0,2091.3941940200366,Lokwan
Wheat,Satara,2025-09-19,2101.0,2111.0,2107.333333333333,2108.8571428571427,2099.1142277289932,Lokwan
Wheat,Satara,2025-09-20,2100.0,2101.0,2103.0,2106.428571428572,2093.5948003717667,Lokwan
Wheat,Satara,2025-09-21,2104.0,2100.0,2104.0,2106.714285714286,2088.0548893019977,Lokwan
Wheat,Satara,2025-09-22,2131.0,2104.0,2101.6666666666665,2107.1428571428573,2091.544536491611,Lokwan
Wheat,Satara,2025-09-23,2123.0,2131.0,2111.6666666666665,2108.285714285714,2102.960218204372,Lokwan
Wheat,Satara,2025-09-24,2133.0,2123.0,2119.333333333333,2109.5714285714284,2097.962528258759,Lokwan
Wheat,Satara,2025-09-25,2123.0,2133.0,2129.0,2114.714285714286,2093.690456452592,Lokwan
Wheat,Satara,2025-09-26,2150.0,2123.0,2126.333333333333,2116.428571428572,2092.498615059261,Lokwan
Wheat,Satara,2025-09-27,2156.0,2150.0,2135.333333333333,2123.428571428572,2109.2924247938386,Lokwan
Wheat,Satara,2025-09-28,2165.0,2156.0,2143.0,2131.428571428572,2112.6315442729633,Lokwan
Wheat,Satara,2025-09-29,2179.0,2165.0,2157.0,2140.1428571428573,2102.62058458697,Lokwan
Wheat,Satara,2025-09-30,2194.0,2179.0,2166.6666666666665,2147.0,2109.8509071327326,Lokwan
Wheat,Satara,2025-10-01,2217.0,2194.0,2179.333333333333,2157.1428571428573,2140.9316493183965,Lokwan
Wheat,Satara,2025-10-02,2202.0,2217.0,2196.6666666666665,2169.1428571428573,2144.779925173697,Lokwan
Wheat,Satara,2025-10-03,2213.0,2202.0,2204.333333333333,2180.428571428572,2140.761792902377,Lokwan
Wheat,Satara,2025-10-04,2186.0,2213.0,2210.6666666666665,2189.428571428572,2146.6854594881925,Lokwan
